trainee,id,cat,subcat,text,grade,input_text,label
13,1,성장과정,가치관,따뜻한 시선 / 탐구심 / 자기성찰 / 성장 중심,C,[성장과정] [가치관] 따뜻한 시선 / 탐구심 / 자기성찰 / 성장 중심,2
13,1,성장과정,가족/환경의 영향,부모님,E,[성장과정] [가족/환경의 영향] 부모님,4
13,1,성장과정,전환점/특별한 경험,있음,E,[성장과정] [전환점/특별한 경험] 있음,4
13,1,성격의 장단점,장점 기술,"탐구심, 관찰력, 꾸준한 학습 자세",D,"[성격의 장단점] [장점 기술] 탐구심, 관찰력, 꾸준한 학습 자세",3
13,1,성격의 장단점,단점 기술 및 극복 노력,"거울 앞 연습, 소그룹 활동 참여, 소통 능력 향상 노력",C,"[성격의 장단점] [단점 기술 및 극복 노력] 거울 앞 연습, 소그룹 활동 참여, 소통 능력 향상 노력",2
13,1,성격의 장단점,대인관계 성향,"소극적이었으나 개선 중, 공감과 경청을 바탕으로 유연한 소통 지향",C,"[성격의 장단점] [대인관계 성향] 소극적이었으나 개선 중, 공감과 경청을 바탕으로 유연한 소통 지향",2
13,1,학창시절,학업 태도,"꾸준하고 성실함, 주어진 일에 책임감 있게 임함",C,"[학창시절] [학업 태도] 꾸준하고 성실함, 주어진 일에 책임감 있게 임함",2
13,1,학창시절,활동 참여,"소그룹 활동, 역사·신화 관련 관심 분야 외 활동 확장 중",C,"[학창시절] [활동 참여] 소그룹 활동, 역사·신화 관련 관심 분야 외 활동 확장 중",2
13,1,학창시절,성취 및 도전 경험,"감정 표현 개선을 위한 도전, 커뮤니케이션 개선 경험",C,"[학창시절] [성취 및 도전 경험] 감정 표현 개선을 위한 도전, 커뮤니케이션 개선 경험",2
13,1,지원동기,회사/직무 이해도,"도전과 성장의 기회로 인식, 조직 기여 의지 명확",C,"[지원동기] [회사/직무 이해도] 도전과 성장의 기회로 인식, 조직 기여 의지 명확",2
13,1,지원동기,지원 이유의 명확성,"배움과 성장을 위한 새로운 환경 경험 희망, 자기계발 중심",C,"[지원동기] [지원 이유의 명확성] 배움과 성장을 위한 새로운 환경 경험 희망, 자기계발 중심",2
13,1,지원동기,직무 적합성 강조,"탐구심, 성실성, 태도 등이 직무 수행에 긍정적으로 작용",C,"[지원동기] [직무 적합성 강조] 탐구심, 성실성, 태도 등이 직무 수행에 긍정적으로 작용",2
13,1,입사 후 포부,단기 목표,"빠른 적응, 표현력 향상, 실무 역량 강화",D,"[입사 후 포부] [단기 목표] 빠른 적응, 표현력 향상, 실무 역량 강화",3
13,1,입사 후 포부,장기 비전,배움의 자세 + 지속적 개선 의지,C,[입사 후 포부] [장기 비전] 배움의 자세 + 지속적 개선 의지,2
13,1,입사 후 포부,기여 방안,"팀 내 조화, 책임감 있는 업무 수행, 소통 능력 성장",C,"[입사 후 포부] [기여 방안] 팀 내 조화, 책임감 있는 업무 수행, 소통 능력 성장",2
13,1,직무 경험,직무 관련 능력,"관찰력, 분석력, 새로운 정보 흡수력 우수",C,"[직무 경험] [직무 관련 능력] 관찰력, 분석력, 새로운 정보 흡수력 우수",2
13,1,직무 경험,문제 해결력,자기 성찰 및 피드백 기반 문제 해결 접근 가능,C,[직무 경험] [문제 해결력] 자기 성찰 및 피드백 기반 문제 해결 접근 가능,2
13,2,성장과정,가치관,다양성과 탐구를 중시,D,[성장과정] [가치관] 다양성과 탐구를 중시,3
13,2,성장과정,가족/환경의 영향,가족의 지지와 격려,E,[성장과정] [가족/환경의 영향] 가족의 지지와 격려,4
13,2,성장과정,전환점/특별한 경험,다양한 분야에 도전하며 탐구심 형성,D,[성장과정] [전환점/특별한 경험] 다양한 분야에 도전하며 탐구심 형성,3
13,2,성격의 장단점,장점 기술,"컴퓨터 실무 능력, 유연한 사고, 배움에 대한 의지",C,"[성격의 장단점] [장점 기술] 컴퓨터 실무 능력, 유연한 사고, 배움에 대한 의지",2
13,2,성격의 장단점,단점 기술 및 극복 노력,"성당 활동, 피드백 수용, 표정 연습",D,"[성격의 장단점] [단점 기술 및 극복 노력] 성당 활동, 피드백 수용, 표정 연습",3
13,2,성격의 장단점,대인관계 성향,조용하나 공감력 있고 점진적 개선 중,D,[성격의 장단점] [대인관계 성향] 조용하나 공감력 있고 점진적 개선 중,3
13,2,학창시절,학업 태도,"책임감 있게 수행, 계획적 학습",D,"[학창시절] [학업 태도] 책임감 있게 수행, 계획적 학습",3
13,2,학창시절,활동 참여,"성당 행사, 악기 연주, 소그룹 활동",D,"[학창시절] [활동 참여] 성당 행사, 악기 연주, 소그룹 활동",3
13,2,학창시절,성취 및 도전 경험,감정 표현 개선 위한 소셜 활동 참여,D,[학창시절] [성취 및 도전 경험] 감정 표현 개선 위한 소셜 활동 참여,3
13,2,지원동기,회사/직무 이해도,새로운 직무에 대한 도전 의지 보유,D,[지원동기] [회사/직무 이해도] 새로운 직무에 대한 도전 의지 보유,3
13,2,지원동기,지원 이유의 명확성,"배움과 성장을 위한 발판, 실무 역량 개발",C,"[지원동기] [지원 이유의 명확성] 배움과 성장을 위한 발판, 실무 역량 개발",2
13,2,지원동기,직무 적합성 강조,"빠른 학습력, 실무 강점, 유연한 문제 해결 능력",C,"[지원동기] [직무 적합성 강조] 빠른 학습력, 실무 강점, 유연한 문제 해결 능력",2
13,2,입사 후 포부,단기 목표,"업무에 빠르게 적응, 성실한 자세 유지",D,"[입사 후 포부] [단기 목표] 업무에 빠르게 적응, 성실한 자세 유지",3
13,2,입사 후 포부,장기 비전,팀에 기여하는 유연한 인재로 성장,D,[입사 후 포부] [장기 비전] 팀에 기여하는 유연한 인재로 성장,3
13,2,입사 후 포부,기여 방안,"열린 소통, 꾸준한 자기 개발",D,"[입사 후 포부] [기여 방안] 열린 소통, 꾸준한 자기 개발",3
13,2,직무 경험,직무 관련 능력,"컴퓨터 실습, 악기 활용 프로젝트 등",D,"[직무 경험] [직무 관련 능력] 컴퓨터 실습, 악기 활용 프로젝트 등",3
13,2,직무 경험,문제 해결력,"기초 프로그램 활용, 일정 관리 능력",C,"[직무 경험] [문제 해결력] 기초 프로그램 활용, 일정 관리 능력",2
13,3,성장과정,가치관,"책임감, 성실함, 근면함",D,"[성장과정] [가치관] 책임감, 성실함, 근면함",3
13,3,성장과정,가족/환경의 영향,부모님의 교육과 생활 태도,D,[성장과정] [가족/환경의 영향] 부모님의 교육과 생활 태도,3
13,3,성장과정,전환점/특별한 경험,음식점 운영 경험 (30년 가족 사업 참여),C,[성장과정] [전환점/특별한 경험] 음식점 운영 경험 (30년 가족 사업 참여),2
13,3,성격의 장단점,장점 기술,"인내심, 탐구심, 책임감",D,"[성격의 장단점] [장점 기술] 인내심, 탐구심, 책임감",3
13,3,성격의 장단점,단점 기술 및 극복 노력,"우선순위 설정, 소통 강화, 피드백 수용",C,"[성격의 장단점] [단점 기술 및 극복 노력] 우선순위 설정, 소통 강화, 피드백 수용",2
13,3,성격의 장단점,대인관계 성향,책임감 있는 협력형 / 개선 노력 중,D,[성격의 장단점] [대인관계 성향] 책임감 있는 협력형 / 개선 노력 중,3
13,3,학창시절,학업 태도,"꾸준함, 계획적 수행",C,"[학창시절] [학업 태도] 꾸준함, 계획적 수행",2
13,3,학창시절,활동 참여,"가족 음식점 실무 경험, 대인 접점 경험",C,"[학창시절] [활동 참여] 가족 음식점 실무 경험, 대인 접점 경험",2
13,3,학창시절,성취 및 도전 경험,"음식점 운영 지원, 감정 조절과 협업 역량 향상",C,"[학창시절] [성취 및 도전 경험] 음식점 운영 지원, 감정 조절과 협업 역량 향상",2
13,3,지원동기,회사/직무 이해도,회사의 성장에 실질적 기여 의지,C,[지원동기] [회사/직무 이해도] 회사의 성장에 실질적 기여 의지,2
13,3,지원동기,지원 이유의 명확성,도전과 자기 성장의 기회로 인식,D,[지원동기] [지원 이유의 명확성] 도전과 자기 성장의 기회로 인식,3
13,3,지원동기,직무 적합성 강조,"실무 경험 기반의 책임감, 고객 대응 경험",C,"[지원동기] [직무 적합성 강조] 실무 경험 기반의 책임감, 고객 대응 경험",2
13,3,입사 후 포부,단기 목표,"빠른 적응, 협업 능력 강화",D,"[입사 후 포부] [단기 목표] 빠른 적응, 협업 능력 강화",3
13,3,입사 후 포부,장기 비전,회사 성장에 기여하는 핵심 인재,C,[입사 후 포부] [장기 비전] 회사 성장에 기여하는 핵심 인재,2
13,3,입사 후 포부,기여 방안,현장 경험을 바탕으로 문제 예방 및 소통 기여,D,[입사 후 포부] [기여 방안] 현장 경험을 바탕으로 문제 예방 및 소통 기여,3
13,3,직무 경험,직무 관련 능력,"음식점 운영 보조, 고객 응대, 재료 관리 등",D,"[직무 경험] [직무 관련 능력] 음식점 운영 보조, 고객 응대, 재료 관리 등",3
13,3,직무 경험,문제 해결력,"상황 대처 능력, 시간 관리, 책임감",C,"[직무 경험] [문제 해결력] 상황 대처 능력, 시간 관리, 책임감",2
13,4,성장과정,가치관,"자기주도, 도전정신, 성장지향",D,"[성장과정] [가치관] 자기주도, 도전정신, 성장지향",3
13,4,성장과정,가족/환경의 영향,가족의 응원과 지지,E,[성장과정] [가족/환경의 영향] 가족의 응원과 지지,4
13,4,성장과정,전환점/특별한 경험,다양한 활동을 통한 자신감 형성,D,[성장과정] [전환점/특별한 경험] 다양한 활동을 통한 자신감 형성,3
13,4,성격의 장단점,장점 기술,"탐구심, 관찰력, 컴퓨터 활용능력",D,"[성격의 장단점] [장점 기술] 탐구심, 관찰력, 컴퓨터 활용능력",3
13,4,성격의 장단점,단점 기술 및 극복 노력,"표정 연습, 대외활동 참여로 표현력 개선",C,"[성격의 장단점] [단점 기술 및 극복 노력] 표정 연습, 대외활동 참여로 표현력 개선",2
13,4,성격의 장단점,대인관계 성향,"내성적이지만 개선 노력 중, 협업 가능",C,"[성격의 장단점] [대인관계 성향] 내성적이지만 개선 노력 중, 협업 가능",2
13,4,학창시절,학업 태도,"자기주도 학습, 꾸준한 실천",C,"[학창시절] [학업 태도] 자기주도 학습, 꾸준한 실천",2
13,4,학창시절,활동 참여,"대외활동, 영상 편집, 이미지 보정 실습",C,"[학창시절] [활동 참여] 대외활동, 영상 편집, 이미지 보정 실습",2
13,4,학창시절,성취 및 도전 경험,표현력 개선을 위한 자기개발 활동 경험,C,[학창시절] [성취 및 도전 경험] 표현력 개선을 위한 자기개발 활동 경험,2
13,4,지원동기,회사/직무 이해도,실무를 통한 성장 목표 인식,C,[지원동기] [회사/직무 이해도] 실무를 통한 성장 목표 인식,2
13,4,지원동기,지원 이유의 명확성,배우고 성장하기 위한 기회로 인식,D,[지원동기] [지원 이유의 명확성] 배우고 성장하기 위한 기회로 인식,3
13,4,지원동기,직무 적합성 강조,컴퓨터 활용 역량 + 탐구심 기반 업무 수행 가능,C,[지원동기] [직무 적합성 강조] 컴퓨터 활용 역량 + 탐구심 기반 업무 수행 가능,2
13,4,입사 후 포부,단기 목표,"빠른 업무 적응, 팀워크 확보",D,"[입사 후 포부] [단기 목표] 빠른 업무 적응, 팀워크 확보",3
13,4,입사 후 포부,장기 비전,다양한 분야에서 주도적 기여,C,[입사 후 포부] [장기 비전] 다양한 분야에서 주도적 기여,2
13,4,입사 후 포부,기여 방안,책임감 있는 참여와 소통 중심 협업,C,[입사 후 포부] [기여 방안] 책임감 있는 참여와 소통 중심 협업,2
13,4,직무 경험,직무 관련 능력,"영상 편집, 이미지 보정, 컴퓨터 작업 경험",C,"[직무 경험] [직무 관련 능력] 영상 편집, 이미지 보정, 컴퓨터 작업 경험",2
13,4,직무 경험,문제 해결력,"디지털 도구 활용력, 시각적 표현 능력",C,"[직무 경험] [문제 해결력] 디지털 도구 활용력, 시각적 표현 능력",2
13,5,성장과정,가치관,배움과 성장을 중시 / 자기주도,D,[성장과정] [가치관] 배움과 성장을 중시 / 자기주도,3
13,5,성장과정,가족/환경의 영향,가족의 응원과 신뢰 / 자유로운 탐색 지원,C,[성장과정] [가족/환경의 영향] 가족의 응원과 신뢰 / 자유로운 탐색 지원,2
13,5,성장과정,전환점/특별한 경험,자율성과 회복력 발달 / 탐색과 도전의 습관,C,[성장과정] [전환점/특별한 경험] 자율성과 회복력 발달 / 탐색과 도전의 습관,2
13,5,성격의 장단점,장점 기술,호기심 / 지속적 학습 / 탐구심 / 자신감,C,[성격의 장단점] [장점 기술] 호기심 / 지속적 학습 / 탐구심 / 자신감,2
13,5,성격의 장단점,단점 기술 및 극복 노력,스피치 강좌 수강 / 발표 훈련 / 자신감 향상,C,[성격의 장단점] [단점 기술 및 극복 노력] 스피치 강좌 수강 / 발표 훈련 / 자신감 향상,2
13,5,성격의 장단점,대인관계 성향,개선 중 / 표현력 향상 중 / 열린 소통 지향,C,[성격의 장단점] [대인관계 성향] 개선 중 / 표현력 향상 중 / 열린 소통 지향,2
13,5,학창시절,학업 태도,꾸준함 / 자기계발 중심 학습 태도,C,[학창시절] [학업 태도] 꾸준함 / 자기계발 중심 학습 태도,2
13,5,학창시절,활동 참여,"발표 수업, 강의 참여 / 표현력 개발 활동",C,"[학창시절] [활동 참여] 발표 수업, 강의 참여 / 표현력 개발 활동",2
13,5,학창시절,성취 및 도전 경험,스스로 약점을 인식하고 극복한 변화 경험,C,[학창시절] [성취 및 도전 경험] 스스로 약점을 인식하고 극복한 변화 경험,2
13,5,지원동기,회사/직무 이해도,새로운 환경에서 배우고 성장할 기회로 인식,C,[지원동기] [회사/직무 이해도] 새로운 환경에서 배우고 성장할 기회로 인식,2
13,5,지원동기,지원 이유의 명확성,자기개발 + 도전 욕구 충족 위한 명확한 목표,C,[지원동기] [지원 이유의 명확성] 자기개발 + 도전 욕구 충족 위한 명확한 목표,2
13,5,지원동기,직무 적합성 강조,호기심과 소통 향상 → 조직 적응에 강점,C,[지원동기] [직무 적합성 강조] 호기심과 소통 향상 → 조직 적응에 강점,2
13,5,입사 후 포부,단기 목표,커뮤니케이션 역량 향상 / 빠른 조직 적응,C,[입사 후 포부] [단기 목표] 커뮤니케이션 역량 향상 / 빠른 조직 적응,2
13,5,입사 후 포부,장기 비전,실력 향상 → 팀 목표 기여 / 지속 성장,D,[입사 후 포부] [장기 비전] 실력 향상 → 팀 목표 기여 / 지속 성장,3
13,5,입사 후 포부,기여 방안,팀워크 기여 / 소통력 기반 성과 창출,D,[입사 후 포부] [기여 방안] 팀워크 기여 / 소통력 기반 성과 창출,3
13,5,직무 경험,직무 관련 능력,스피치 수업 경험 / 자기개발 활동,D,[직무 경험] [직무 관련 능력] 스피치 수업 경험 / 자기개발 활동,3
13,5,직무 경험,문제 해결력,발표력 / 적응력 / 학습능력,D,[직무 경험] [문제 해결력] 발표력 / 적응력 / 학습능력,3
13,6,성장과정,가치관,성장과 배움 중시 / 책임감 / 성실한 태도,C,[성장과정] [가치관] 성장과 배움 중시 / 책임감 / 성실한 태도,2
13,6,성장과정,가족/환경의 영향,가족의 지지 / 자율적 도전 환경,D,[성장과정] [가족/환경의 영향] 가족의 지지 / 자율적 도전 환경,3
13,6,성장과정,전환점/특별한 경험,외국어 학습 / 다양한 환경에서 적응력 향상,C,[성장과정] [전환점/특별한 경험] 외국어 학습 / 다양한 환경에서 적응력 향상,2
13,6,성격의 장단점,장점 기술,언어 감각 / 적응력 / 책임감 / 관찰력,C,[성격의 장단점] [장점 기술] 언어 감각 / 적응력 / 책임감 / 관찰력,2
13,6,성격의 장단점,단점 기술 및 극복 노력,독서 / 명상 / 요가 / 감정 조절 능력 향상,C,[성격의 장단점] [단점 기술 및 극복 노력] 독서 / 명상 / 요가 / 감정 조절 능력 향상,2
13,6,성격의 장단점,대인관계 성향,유연한 소통 / 자기 성찰 기반 신뢰 추구형,C,[성격의 장단점] [대인관계 성향] 유연한 소통 / 자기 성찰 기반 신뢰 추구형,2
13,6,학창시절,학업 태도,꾸준하고 자기주도적 학습 태도,D,[학창시절] [학업 태도] 꾸준하고 자기주도적 학습 태도,3
13,6,학창시절,활동 참여,외국어 관련 활동 / 자기개발 지속,D,[학창시절] [활동 참여] 외국어 관련 활동 / 자기개발 지속,3
13,6,학창시절,성취 및 도전 경험,감정 조절 능력 향상 / 자기 훈련의 실천,C,[학창시절] [성취 및 도전 경험] 감정 조절 능력 향상 / 자기 훈련의 실천,2
13,6,지원동기,회사/직무 이해도,조직문화 적응 자신 / 실질적 기여 의지,C,[지원동기] [회사/직무 이해도] 조직문화 적응 자신 / 실질적 기여 의지,2
13,6,지원동기,지원 이유의 명확성,배우고 성장하기 위한 구체적 목표,D,[지원동기] [지원 이유의 명확성] 배우고 성장하기 위한 구체적 목표,3
13,6,지원동기,직무 적합성 강조,언어 능력 + 책임감 → 직무 수행과 잘 맞음,C,[지원동기] [직무 적합성 강조] 언어 능력 + 책임감 → 직무 수행과 잘 맞음,2
13,6,입사 후 포부,단기 목표,업무 프로세스 이해 / 책임감 있는 수행,C,[입사 후 포부] [단기 목표] 업무 프로세스 이해 / 책임감 있는 수행,2
13,6,입사 후 포부,장기 비전,실무 전문성 확보 / 신뢰받는 구성원 성장,C,[입사 후 포부] [장기 비전] 실무 전문성 확보 / 신뢰받는 구성원 성장,2
13,6,입사 후 포부,기여 방안,커뮤니케이션 역량 기반 팀 기여 / 지속적 자기개발,C,[입사 후 포부] [기여 방안] 커뮤니케이션 역량 기반 팀 기여 / 지속적 자기개발,2
13,6,직무 경험,직무 관련 능력,외국어 관련 커뮤니케이션 / 자기주도 훈련,C,[직무 경험] [직무 관련 능력] 외국어 관련 커뮤니케이션 / 자기주도 훈련,2
13,6,직무 경험,문제 해결력,언어 감각 / 빠른 적응력 / 문제 인식력,C,[직무 경험] [문제 해결력] 언어 감각 / 빠른 적응력 / 문제 인식력,2
13,7,성장과정,가치관,"책임감, 독립심 중시",D,"[성장과정] [가치관] 책임감, 독립심 중시",3
13,7,성장과정,가족/환경의 영향,부모님의 자율적 교육 영향,D,[성장과정] [가족/환경의 영향] 부모님의 자율적 교육 영향,3
13,7,성장과정,전환점/특별한 경험,영국 유학 및 다양한 문화 경험,D,[성장과정] [전환점/특별한 경험] 영국 유학 및 다양한 문화 경험,3
13,7,성격의 장단점,장점 기술,"빠른 적응력, 침착한 문제 분석, 꼼꼼함",C,"[성격의 장단점] [장점 기술] 빠른 적응력, 침착한 문제 분석, 꼼꼼함",2
13,7,성격의 장단점,단점 기술 및 극복 노력,"우선순위 설정, 협업 강화 → 효율적인 업무 수행",C,"[성격의 장단점] [단점 기술 및 극복 노력] 우선순위 설정, 협업 강화 → 효율적인 업무 수행",2
13,7,성격의 장단점,대인관계 성향,"다양한 국적의 사람들과의 교류 → 열린 시각, 원활한 커뮤니케이션 능력",C,"[성격의 장단점] [대인관계 성향] 다양한 국적의 사람들과의 교류 → 열린 시각, 원활한 커뮤니케이션 능력",2
13,7,학창시절,학업 태도,"성실한 자세, 도전정신",C,"[학창시절] [학업 태도] 성실한 자세, 도전정신",2
13,7,학창시절,활동 참여,"해외 학업, 현지 실무 적응 등 적극적인 참여",C,"[학창시절] [활동 참여] 해외 학업, 현지 실무 적응 등 적극적인 참여",2
13,7,학창시절,성취 및 도전 경험,"영국·호주 회계사로의 실무 경험, 새로운 환경에서도 책임감 있게 업무 수행",B,"[학창시절] [성취 및 도전 경험] 영국·호주 회계사로의 실무 경험, 새로운 환경에서도 책임감 있게 업무 수행",1
13,7,지원동기,회사/직무 이해도,"글로벌 회계 기준, 시스템에 대한 실무 감각과 이해",B,"[지원동기] [회사/직무 이해도] 글로벌 회계 기준, 시스템에 대한 실무 감각과 이해",1
13,7,지원동기,지원 이유의 명확성,"해외 실무 경험을 한국에서 확장, 글로벌 지향 회사 방향성과의 일치",C,"[지원동기] [지원 이유의 명확성] 해외 실무 경험을 한국에서 확장, 글로벌 지향 회사 방향성과의 일치",2
13,7,지원동기,직무 적합성 강조,"회계 시스템과 프로세스 이해력, 책임감 있는 실무 수행 역량",C,"[지원동기] [직무 적합성 강조] 회계 시스템과 프로세스 이해력, 책임감 있는 실무 수행 역량",2
13,7,입사 후 포부,단기 목표,"조직 적응, 프로세스 파악, 실무 안정화",C,"[입사 후 포부] [단기 목표] 조직 적응, 프로세스 파악, 실무 안정화",2
13,7,입사 후 포부,장기 비전,"회계 → 재무기획 및 리스크 관리 등으로 역량 확장, 핵심 인재로 성장",C,"[입사 후 포부] [장기 비전] 회계 → 재무기획 및 리스크 관리 등으로 역량 확장, 핵심 인재로 성장",2
13,7,입사 후 포부,기여 방안,재무 투명성 및 업무 효율성 향상 기여,C,[입사 후 포부] [기여 방안] 재무 투명성 및 업무 효율성 향상 기여,2
13,7,직무 경험,직무 관련 능력,"영국·호주 회계사 실무, 글로벌 기준 경험",C,"[직무 경험] [직무 관련 능력] 영국·호주 회계사 실무, 글로벌 기준 경험",2
13,7,직무 경험,문제 해결력,"회계 처리, 수치 분석, 데이터 정확성 유지 능력",C,"[직무 경험] [문제 해결력] 회계 처리, 수치 분석, 데이터 정확성 유지 능력",2
13,8,성장과정,가치관,"배움과 성장, 자기계발 중시",D,"[성장과정] [가치관] 배움과 성장, 자기계발 중시",3
13,8,성장과정,가족/환경의 영향,가족의 따뜻한 지지 / 긍정적인 환경,D,[성장과정] [가족/환경의 영향] 가족의 따뜻한 지지 / 긍정적인 환경,3
13,8,성장과정,전환점/특별한 경험,다양한 직무 및 경험 탐색 기회,D,[성장과정] [전환점/특별한 경험] 다양한 직무 및 경험 탐색 기회,3
13,8,성격의 장단점,장점 기술,"언어 능력, 적응력, 책임감",D,"[성격의 장단점] [장점 기술] 언어 능력, 적응력, 책임감",3
13,8,성격의 장단점,단점 기술 및 극복 노력,"독서, 명상, 요가 습관 → 침착함 향상",C,"[성격의 장단점] [단점 기술 및 극복 노력] 독서, 명상, 요가 습관 → 침착함 향상",2
13,8,성격의 장단점,대인관계 성향,책임감 있는 협업 지향 / 열린 자세,D,[성격의 장단점] [대인관계 성향] 책임감 있는 협업 지향 / 열린 자세,3
13,8,학창시절,학업 태도,"자기주도 학습, 경험 중시",D,"[학창시절] [학업 태도] 자기주도 학습, 경험 중시",3
13,8,학창시절,활동 참여,"다양한 직무 체험, 경험 중심 성장",D,"[학창시절] [활동 참여] 다양한 직무 체험, 경험 중심 성장",3
13,8,학창시절,성취 및 도전 경험,실무 경험에서 적응력 발휘,D,[학창시절] [성취 및 도전 경험] 실무 경험에서 적응력 발휘,3
13,8,지원동기,회사/직무 이해도,"성장, 학습 기회로 회사 인식",D,"[지원동기] [회사/직무 이해도] 성장, 학습 기회로 회사 인식",3
13,8,지원동기,지원 이유의 명확성,성장과 기여 의지 명확,D,[지원동기] [지원 이유의 명확성] 성장과 기여 의지 명확,3
13,8,지원동기,직무 적합성 강조,책임감 + 유연한 성격 → 직무 적합,D,[지원동기] [직무 적합성 강조] 책임감 + 유연한 성격 → 직무 적합,3
13,8,입사 후 포부,단기 목표,"실무 적응, 역량 강화",D,"[입사 후 포부] [단기 목표] 실무 적응, 역량 강화",3
13,8,입사 후 포부,장기 비전,"조직과 함께 성장, 기여",D,"[입사 후 포부] [장기 비전] 조직과 함께 성장, 기여",3
13,8,입사 후 포부,기여 방안,책임감 있는 자세 + 지속 개선 실천,D,[입사 후 포부] [기여 방안] 책임감 있는 자세 + 지속 개선 실천,3
13,8,직무 경험,직무 관련 능력,다양한 아르바이트 / 직무 체험,D,[직무 경험] [직무 관련 능력] 다양한 아르바이트 / 직무 체험,3
13,8,직무 경험,문제 해결력,"언어 역량, 유연성, 책임감",D,"[직무 경험] [문제 해결력] 언어 역량, 유연성, 책임감",3
13,9,성장과정,가치관,"책임감, 공동체 의식, 성장 지향",D,"[성장과정] [가치관] 책임감, 공동체 의식, 성장 지향",3
13,9,성장과정,가족/환경의 영향,자원봉사와 지역 행사 경험 → 주도성과 협업 능력 형성,C,[성장과정] [가족/환경의 영향] 자원봉사와 지역 행사 경험 → 주도성과 협업 능력 형성,2
13,9,성장과정,전환점/특별한 경험,"대학 시절 토론 동아리 공동 설립, 산업 워크숍 기획",C,"[성장과정] [전환점/특별한 경험] 대학 시절 토론 동아리 공동 설립, 산업 워크숍 기획",2
13,9,성격의 장단점,장점 기술,"명확하고 자신감 있는 커뮤니케이션, 리더십, 발표 능력",C,"[성격의 장단점] [장점 기술] 명확하고 자신감 있는 커뮤니케이션, 리더십, 발표 능력",2
13,9,성격의 장단점,단점 기술 및 극복 노력,"작업 분할, 마일스톤 설정, 정기 피드백으로 효율성 향상",C,"[성격의 장단점] [단점 기술 및 극복 노력] 작업 분할, 마일스톤 설정, 정기 피드백으로 효율성 향상",2
13,9,성격의 장단점,대인관계 성향,"팀워크, 협업 중심",E,"[성격의 장단점] [대인관계 성향] 팀워크, 협업 중심",4
13,9,학창시절,학업 태도,"적극적 학습자, 실무형 활동 중심",C,"[학창시절] [학업 태도] 적극적 학습자, 실무형 활동 중심",2
13,9,학창시절,활동 참여,"산업 워크숍 기획, 토론 동아리 공동 설립",C,"[학창시절] [활동 참여] 산업 워크숍 기획, 토론 동아리 공동 설립",2
13,9,학창시절,성취 및 도전 경험,지역 자선 활동 및 대형 워크숍 운영 경험,C,[학창시절] [성취 및 도전 경험] 지역 자선 활동 및 대형 워크숍 운영 경험,2
13,9,지원동기,회사/직무 이해도,행사 기획 및 커뮤니케이션 역량이 직무에 적합함,C,[지원동기] [회사/직무 이해도] 행사 기획 및 커뮤니케이션 역량이 직무에 적합함,2
13,9,지원동기,지원 이유의 명확성,영어 발표 능력 향상 및 리더십 경험 기여 희망,C,[지원동기] [지원 이유의 명확성] 영어 발표 능력 향상 및 리더십 경험 기여 희망,2
13,9,지원동기,직무 적합성 강조,"발표, 조직 운영, 커뮤니케이션 역량 있음",C,"[지원동기] [직무 적합성 강조] 발표, 조직 운영, 커뮤니케이션 역량 있음",2
13,9,입사 후 포부,단기 목표,"영어 프레젠테이션 능력 향상, 팀 프로젝트 참여",C,"[입사 후 포부] [단기 목표] 영어 프레젠테이션 능력 향상, 팀 프로젝트 참여",2
13,9,입사 후 포부,장기 비전,"발표 전문성 강화, 멘토십을 통한 성장",D,"[입사 후 포부] [장기 비전] 발표 전문성 강화, 멘토십을 통한 성장",3
13,9,입사 후 포부,기여 방안,행사 기획 역량과 리더십으로 팀과 조직에 실질적 기여,D,[입사 후 포부] [기여 방안] 행사 기획 역량과 리더십으로 팀과 조직에 실질적 기여,3
13,9,직무 경험,직무 관련 능력,"워크숍 운영, 발표 경험 다수",D,"[직무 경험] [직무 관련 능력] 워크숍 운영, 발표 경험 다수",3
13,9,직무 경험,문제 해결력,"커뮤니케이션, 기획, 리더십",C,"[직무 경험] [문제 해결력] 커뮤니케이션, 기획, 리더십",2
13,10,성장과정,가치관,"책임감, 성실함",E,"[성장과정] [가치관] 책임감, 성실함",4
13,10,성장과정,가족/환경의 영향,"따뜻한 가족, 정직한 생활 습관",D,"[성장과정] [가족/환경의 영향] 따뜻한 가족, 정직한 생활 습관",3
13,10,성장과정,전환점/특별한 경험,시간 엄수 습관 형성,D,[성장과정] [전환점/특별한 경험] 시간 엄수 습관 형성,3
13,10,성격의 장단점,장점 기술,"시간 약속 철저, 일정 관리 능력",D,"[성격의 장단점] [장점 기술] 시간 약속 철저, 일정 관리 능력",3
13,10,성격의 장단점,단점 기술 및 극복 노력,체크리스트 활용 → 실수 감소,D,[성격의 장단점] [단점 기술 및 극복 노력] 체크리스트 활용 → 실수 감소,3
13,10,성격의 장단점,대인관계 성향,성실하고 책임감 있게 업무 수행,D,[성격의 장단점] [대인관계 성향] 성실하고 책임감 있게 업무 수행,3
13,10,학창시절,학업 태도,성실한 자세로 꾸준한 학습 태도,E,[학창시절] [학업 태도] 성실한 자세로 꾸준한 학습 태도,4
13,10,학창시절,활동 참여,아르바이트,E,[학창시절] [활동 참여] 아르바이트,4
13,10,학창시절,성취 및 도전 경험,일정 관리 및 시간 준수로 성취 기반 마련,C,[학창시절] [성취 및 도전 경험] 일정 관리 및 시간 준수로 성취 기반 마련,2
13,10,지원동기,회사/직무 이해도,자기 성장 및 회사 기여 의지,C,[지원동기] [회사/직무 이해도] 자기 성장 및 회사 기여 의지,2
13,10,지원동기,지원 이유의 명확성,성장 기회 및 발판 확보 명확,D,[지원동기] [지원 이유의 명확성] 성장 기회 및 발판 확보 명확,3
13,10,지원동기,직무 적합성 강조,성실함 + 책임감 있는 태도 적합,D,[지원동기] [직무 적합성 강조] 성실함 + 책임감 있는 태도 적합,3
13,10,입사 후 포부,단기 목표,주어진 업무에 최선을 다함,D,[입사 후 포부] [단기 목표] 주어진 업무에 최선을 다함,3
13,10,입사 후 포부,장기 비전,함께 성장하는 구성원 지향,D,[입사 후 포부] [장기 비전] 함께 성장하는 구성원 지향,3
13,10,입사 후 포부,기여 방안,조직 내 성실한 업무 수행으로 기여,E,[입사 후 포부] [기여 방안] 조직 내 성실한 업무 수행으로 기여,4
13,10,직무 경험,직무 관련 능력,간접적 언급 (시간 관리 경험),E,[직무 경험] [직무 관련 능력] 간접적 언급 (시간 관리 경험),4
13,10,직무 경험,문제 해결력,효율적 일정 관리,C,[직무 경험] [문제 해결력] 효율적 일정 관리,2
13,11,성장과정,가치관,,E,,4
13,11,성장과정,가족/환경의 영향,,D,,3
13,11,성장과정,전환점/특별한 경험,,D,,3
13,11,성격의 장단점,장점 기술,,D,,3
16,1,성장과정,가치관,관광산업의 가치를 이해하고 다양한 문화를 존중하며 성장했습니다.,B,[성장과정] [가치관] 관광산업의 가치를 이해하고 다양한 문화를 존중하며 성장했습니다.,1
16,1,성장과정,가족/환경의 영향,가족의 지지를 받으며 새로운 경험을 추구하고자 한국 유학을 선택했습니다.,B,[성장과정] [가족/환경의 영향] 가족의 지지를 받으며 새로운 경험을 추구하고자 한국 유학을 선택했습니다.,1
16,1,성장과정,전환점/특별한 경험,한국 관광경영 수업과 현장 프로젝트를 통해 진로를 명확히 설정했습니다.,B,[성장과정] [전환점/특별한 경험] 한국 관광경영 수업과 현장 프로젝트를 통해 진로를 명확히 설정했습니다.,1
16,1,성격의 장단점,장점 기술,사람들과 소통을 잘하며 열린 태도로 협업을 이끕니다.,B,[성격의 장단점] [장점 기술] 사람들과 소통을 잘하며 열린 태도로 협업을 이끕니다.,1
16,1,성격의 장단점,단점 기술 및 극복 노력,지나치게 신중해 결정을 늦출 때가 있어 우선순위 설정을 연습하고 있습니다.,D,[성격의 장단점] [단점 기술 및 극복 노력] 지나치게 신중해 결정을 늦출 때가 있어 우선순위 설정을 연습하고 있습니다.,3
16,1,성격의 장단점,대인관계 성향,다양한 사람들과 긍정적으로 소통하며 팀워크를 중시합니다.,B,[성격의 장단점] [대인관계 성향] 다양한 사람들과 긍정적으로 소통하며 팀워크를 중시합니다.,1
16,1,학창시절,학업 태도,전공 수업을 성실히 이수하며 관광 이론과 실무를 균형 있게 학습했습니다.,D,[학창시절] [학업 태도] 전공 수업을 성실히 이수하며 관광 이론과 실무를 균형 있게 학습했습니다.,3
16,1,학창시절,활동 참여,소규모 여행 코스 기획 프로젝트에 참여하며 팀워크를 발휘했습니다.,C,[학창시절] [활동 참여] 소규모 여행 코스 기획 프로젝트에 참여하며 팀워크를 발휘했습니다.,2
16,1,학창시절,성취 및 도전 경험,실제 고객의 니즈를 반영한 맞춤형 일정을 기획해 발표한 경험이 있습니다.,B,[학창시절] [성취 및 도전 경험] 실제 고객의 니즈를 반영한 맞춤형 일정을 기획해 발표한 경험이 있습니다.,1
16,1,지원동기,회사/직무 이해도,한국 관광산업의 성장성과 글로벌 트렌드를 이해하고 있습니다.,B,[지원동기] [회사/직무 이해도] 한국 관광산업의 성장성과 글로벌 트렌드를 이해하고 있습니다.,1
16,1,지원동기,지원 이유의 명확성,관광 분야에서 고객 맞춤형 서비스를 제공하고자 지원했습니다.,B,[지원동기] [지원 이유의 명확성] 관광 분야에서 고객 맞춤형 서비스를 제공하고자 지원했습니다.,1
16,1,지원동기,직무 적합성 강조,관광 마케팅과 서비스 기획 경험을 살려 기여할 자신이 있습니다.,A,[지원동기] [직무 적합성 강조] 관광 마케팅과 서비스 기획 경험을 살려 기여할 자신이 있습니다.,0
16,1,입사후포부,단기 목표,현장 경험을 통해 고객 요구를 파악하는 능력을 키우겠습니다.,A,[입사후포부] [단기 목표] 현장 경험을 통해 고객 요구를 파악하는 능력을 키우겠습니다.,0
16,1,입사후포부,장기 비전,글로벌 관광 트렌드를 선도하는 전문가로 성장하고자 합니다.,A,[입사후포부] [장기 비전] 글로벌 관광 트렌드를 선도하는 전문가로 성장하고자 합니다.,0
16,1,입사후포부,기여 방안,다양한 문화적 배경을 이해하고 소통해 고객 만족도를 높이겠습니다.,B,[입사후포부] [기여 방안] 다양한 문화적 배경을 이해하고 소통해 고객 만족도를 높이겠습니다.,1
16,1,직무경험,실무 경험,관광 마케팅 수업과 현장 프로젝트 경험이 있습니다.,A,[직무경험] [실무 경험] 관광 마케팅 수업과 현장 프로젝트 경험이 있습니다.,0
16,1,직무경험,직무 관련 능력,고객 맞춤형 서비스 기획 역량을 보유했습니다.,A,[직무경험] [직무 관련 능력] 고객 맞춤형 서비스 기획 역량을 보유했습니다.,0
16,1,직무경험,문제 해결력,다양한 의견을 조율하며 최적의 결과를 도출했습니다.,A,[직무경험] [문제 해결력] 다양한 의견을 조율하며 최적의 결과를 도출했습니다.,0
16,2,성장과정,가치관,요리를 통해 정성을 전하며 사람들에게 기쁨을 주는 것에 가치를 두었습니다.,B,[성장과정] [가치관] 요리를 통해 정성을 전하며 사람들에게 기쁨을 주는 것에 가치를 두었습니다.,1
16,2,성장과정,가족/환경의 영향,가족 식사 준비를 도우며 자연스럽게 조리에 대한 흥미를 키웠습니다.,B,[성장과정] [가족/환경의 영향] 가족 식사 준비를 도우며 자연스럽게 조리에 대한 흥미를 키웠습니다.,1
16,2,성장과정,전환점/특별한 경험,호텔경영학과 진학 후 전문적인 조리 실습을 통해 꿈을 구체화했습니다.,C,[성장과정] [전환점/특별한 경험] 호텔경영학과 진학 후 전문적인 조리 실습을 통해 꿈을 구체화했습니다.,2
16,2,성격의 장단점,장점 기술,책임감을 가지고 맡은 일을 끝까지 해냅니다.,C,[성격의 장단점] [장점 기술] 책임감을 가지고 맡은 일을 끝까지 해냅니다.,2
16,2,성격의 장단점,단점 기술 및 극복 노력,세부적인 부분을 신경 쓰다 일정이 지연될 때가 있어 우선순위를 정하며 개선 중입니다.,D,[성격의 장단점] [단점 기술 및 극복 노력] 세부적인 부분을 신경 쓰다 일정이 지연될 때가 있어 우선순위를 정하며 개선 중입니다.,3
16,2,성격의 장단점,대인관계 성향,팀원들과 협력하며 차분하게 문제를 해결하는 것을 중요하게 생각합니다.,B,[성격의 장단점] [대인관계 성향] 팀원들과 협력하며 차분하게 문제를 해결하는 것을 중요하게 생각합니다.,1
16,2,학창시절,학업 태도,호텔 서비스와 외식 산업 전반을 성실히 학습했습니다.,B,[학창시절] [학업 태도] 호텔 서비스와 외식 산업 전반을 성실히 학습했습니다.,1
16,2,학창시절,활동 참여,조리 실습과 위생 관리 교육을 통해 실무 감각을 익혔습니다.,C,[학창시절] [활동 참여] 조리 실습과 위생 관리 교육을 통해 실무 감각을 익혔습니다.,2
16,2,학창시절,성취 및 도전 경험,외식업체 인턴과 아르바이트를 통해 현장 적응력을 키웠습니다.,C,[학창시절] [성취 및 도전 경험] 외식업체 인턴과 아르바이트를 통해 현장 적응력을 키웠습니다.,2
16,2,지원동기,회사/직무 이해도,고객에게 감동을 주는 요리의 중요성을 이해하고 있습니다.,B,[지원동기] [회사/직무 이해도] 고객에게 감동을 주는 요리의 중요성을 이해하고 있습니다.,1
16,2,지원동기,지원 이유의 명확성,정성과 책임감을 담아 요리를 제공하고자 지원했습니다.,A,[지원동기] [지원 이유의 명확성] 정성과 책임감을 담아 요리를 제공하고자 지원했습니다.,0
16,2,지원동기,직무 적합성 강조,조리 실습과 현장 경험을 바탕으로 실무 역량을 발휘할 자신이 있습니다.,A,[지원동기] [직무 적합성 강조] 조리 실습과 현장 경험을 바탕으로 실무 역량을 발휘할 자신이 있습니다.,0
16,2,입사후포부,단기 목표,현장에서 빠르게 적응하며 팀원들과 조화를 이루겠습니다.,B,[입사후포부] [단기 목표] 현장에서 빠르게 적응하며 팀원들과 조화를 이루겠습니다.,1
16,2,입사후포부,장기 비전,신뢰받는 조리사로 성장하며 후배에게 모범이 되고자 합니다.,A,[입사후포부] [장기 비전] 신뢰받는 조리사로 성장하며 후배에게 모범이 되고자 합니다.,0
16,2,입사후포부,기여 방안,변화하는 트렌드와 고객 니즈를 반영한 요리를 제공하겠습니다.,B,[입사후포부] [기여 방안] 변화하는 트렌드와 고객 니즈를 반영한 요리를 제공하겠습니다.,1
16,2,직무경험,실무 경험,외식업체 인턴과 아르바이트 경험이 있습니다.,B,[직무경험] [실무 경험] 외식업체 인턴과 아르바이트 경험이 있습니다.,1
16,2,직무경험,직무 관련 능력,한식과 양식 자격증 취득으로 전문성을 갖추었습니다.,B,[직무경험] [직무 관련 능력] 한식과 양식 자격증 취득으로 전문성을 갖추었습니다.,1
16,2,직무경험,문제 해결력,예기치 못한 상황에서도 침착하게 대처하며 문제를 해결했습니다.,C,[직무경험] [문제 해결력] 예기치 못한 상황에서도 침착하게 대처하며 문제를 해결했습니다.,2
16,3,성장과정,가치관,법을 통해 사람들의 권리를 보호하고 공정함을 실현하는 데 가치를 두었습니다.,A,[성장과정] [가치관] 법을 통해 사람들의 권리를 보호하고 공정함을 실현하는 데 가치를 두었습니다.,0
16,3,성장과정,가족/환경의 영향,부당한 상황을 해결하지 못하는 사람들을 보며 법조인의 필요성을 느꼈습니다.,B,[성장과정] [가족/환경의 영향] 부당한 상황을 해결하지 못하는 사람들을 보며 법조인의 필요성을 느꼈습니다.,1
16,3,성장과정,전환점/특별한 경험,하노이법대 입학 후 전문적 법학 지식을 체계적으로 배우게 되었습니다.,B,[성장과정] [전환점/특별한 경험] 하노이법대 입학 후 전문적 법학 지식을 체계적으로 배우게 되었습니다.,1
16,3,성격의 장단점,장점 기술,책임감을 가지고 맡은 일을 끝까지 수행합니다.,B,[성격의 장단점] [장점 기술] 책임감을 가지고 맡은 일을 끝까지 수행합니다.,1
16,3,성격의 장단점,단점 기술 및 극복 노력,새로운 도전에 신중한 편이지만 실패를 두려워하지 않도록 연습하고 있습니다.,D,[성격의 장단점] [단점 기술 및 극복 노력] 새로운 도전에 신중한 편이지만 실패를 두려워하지 않도록 연습하고 있습니다.,3
16,3,성격의 장단점,대인관계 성향,협력과 팀워크를 중시하며 열린 마음으로 의견을 나눕니다.,B,[성격의 장단점] [대인관계 성향] 협력과 팀워크를 중시하며 열린 마음으로 의견을 나눕니다.,1
16,3,학창시절,학업 태도,"민법, 형법, 헌법 등 기초부터 심화까지 성실히 공부했습니다.",B,"[학창시절] [학업 태도] 민법, 형법, 헌법 등 기초부터 심화까지 성실히 공부했습니다.",1
16,3,학창시절,활동 참여,팀 발표와 토론을 통해 설득력을 키웠습니다.,C,[학창시절] [활동 참여] 팀 발표와 토론을 통해 설득력을 키웠습니다.,2
16,3,학창시절,성취 및 도전 경험,법률 리서치 과제를 수행하며 자료 조사 능력을 강화했습니다.,C,[학창시절] [성취 및 도전 경험] 법률 리서치 과제를 수행하며 자료 조사 능력을 강화했습니다.,2
16,3,지원동기,회사/직무 이해도,법조인의 역할과 사회적 책임을 잘 이해하고 있습니다.,A,[지원동기] [회사/직무 이해도] 법조인의 역할과 사회적 책임을 잘 이해하고 있습니다.,0
16,3,지원동기,지원 이유의 명확성,사람들의 법적 권리를 지키고자 지원했습니다.,A,[지원동기] [지원 이유의 명확성] 사람들의 법적 권리를 지키고자 지원했습니다.,0
16,3,지원동기,직무 적합성 강조,법학 지식과 논리적 사고력을 활용해 기여할 수 있습니다.,A,[지원동기] [직무 적합성 강조] 법학 지식과 논리적 사고력을 활용해 기여할 수 있습니다.,0
16,3,입사후포부,단기 목표,실무 경험을 통해 현장의 목소리를 배우겠습니다.,B,[입사후포부] [단기 목표] 실무 경험을 통해 현장의 목소리를 배우겠습니다.,1
16,3,입사후포부,장기 비전,신뢰받는 변호사로서 사회 정의 실현에 기여하고자 합니다.,A,[입사후포부] [장기 비전] 신뢰받는 변호사로서 사회 정의 실현에 기여하고자 합니다.,0
16,3,입사후포부,기여 방안,객관적이고 공정한 해결책을 제시하는 전문가가 되겠습니다.,B,[입사후포부] [기여 방안] 객관적이고 공정한 해결책을 제시하는 전문가가 되겠습니다.,1
16,3,직무경험,실무 경험,법률 리서치와 팀 발표 경험이 있습니다.,B,[직무경험] [실무 경험] 법률 리서치와 팀 발표 경험이 있습니다.,1
16,3,직무경험,직무 관련 능력,다양한 법 분야 지식을 보유하고 있습니다.,B,[직무경험] [직무 관련 능력] 다양한 법 분야 지식을 보유하고 있습니다.,1
16,3,직무경험,문제 해결력,자료 분석과 논리적 추론으로 해결책을 도출했습니다.,C,[직무경험] [문제 해결력] 자료 분석과 논리적 추론으로 해결책을 도출했습니다.,2
16,4,성장과정,가치관,언어 교육을 통해 다른 문화와 사람을 연결하는 것에 가치를 두었습니다.,B,[성장과정] [가치관] 언어 교육을 통해 다른 문화와 사람을 연결하는 것에 가치를 두었습니다.,1
16,4,성장과정,가족/환경의 영향,한국어 학습 경험을 통해 외국인에게 도움을 주고자 결심했습니다.,B,[성장과정] [가족/환경의 영향] 한국어 학습 경험을 통해 외국인에게 도움을 주고자 결심했습니다.,1
16,4,성장과정,전환점/특별한 경험,한국어교육학 전공으로 전문 지식을 쌓았습니다.,C,[성장과정] [전환점/특별한 경험] 한국어교육학 전공으로 전문 지식을 쌓았습니다.,2
16,4,성격의 장단점,장점 기술,차분하고 인내심 있게 학생의 입장에서 설명할 수 있습니다.,C,[성격의 장단점] [장점 기술] 차분하고 인내심 있게 학생의 입장에서 설명할 수 있습니다.,2
16,4,성격의 장단점,단점 기술 및 극복 노력,새로운 도전을 망설이는 편이지만 자신감을 키워가고 있습니다.,D,[성격의 장단점] [단점 기술 및 극복 노력] 새로운 도전을 망설이는 편이지만 자신감을 키워가고 있습니다.,3
16,4,성격의 장단점,대인관계 성향,친근하게 다가가며 다양한 문화권 학습자와도 자연스럽게 소통합니다.,B,[성격의 장단점] [대인관계 성향] 친근하게 다가가며 다양한 문화권 학습자와도 자연스럽게 소통합니다.,1
16,4,학창시절,학업 태도,한국어 교수법과 언어습득 이론을 체계적으로 공부했습니다.,C,[학창시절] [학업 태도] 한국어 교수법과 언어습득 이론을 체계적으로 공부했습니다.,2
16,4,학창시절,활동 참여,교육 봉사활동에서 직접 수업을 진행했습니다.,D,[학창시절] [활동 참여] 교육 봉사활동에서 직접 수업을 진행했습니다.,3
16,4,학창시절,성취 및 도전 경험,모의 수업과 교안 작성 과제를 통해 실전 감각을 익혔습니다.,D,[학창시절] [성취 및 도전 경험] 모의 수업과 교안 작성 과제를 통해 실전 감각을 익혔습니다.,3
16,4,지원동기,회사/직무 이해도,한국어 교육자의 역할과 책임을 잘 이해하고 있습니다.,B,[지원동기] [회사/직무 이해도] 한국어 교육자의 역할과 책임을 잘 이해하고 있습니다.,1
16,4,지원동기,지원 이유의 명확성,외국인 학습자에게 도움을 주고자 지원했습니다.,B,[지원동기] [지원 이유의 명확성] 외국인 학습자에게 도움을 주고자 지원했습니다.,1
16,4,지원동기,직무 적합성 강조,교수법 지식과 교육 경험을 바탕으로 학생 성장을 지원할 자신이 있습니다.,A,[지원동기] [직무 적합성 강조] 교수법 지식과 교육 경험을 바탕으로 학생 성장을 지원할 자신이 있습니다.,0
16,4,입사후포부,단기 목표,학생들의 학습 불안을 이해하고 성실히 지도하겠습니다.,A,[입사후포부] [단기 목표] 학생들의 학습 불안을 이해하고 성실히 지도하겠습니다.,0
16,4,입사후포부,장기 비전,문화적 가교 역할을 하는 따뜻한 교사가 되고자 합니다.,A,[입사후포부] [장기 비전] 문화적 가교 역할을 하는 따뜻한 교사가 되고자 합니다.,0
16,4,입사후포부,기여 방안,한국어뿐 아니라 문화를 함께 전달하는 수업을 실천하겠습니다.,B,[입사후포부] [기여 방안] 한국어뿐 아니라 문화를 함께 전달하는 수업을 실천하겠습니다.,1
16,4,직무경험,실무 경험,한국어 교육 봉사 경험이 있습니다.,A,[직무경험] [실무 경험] 한국어 교육 봉사 경험이 있습니다.,0
16,4,직무경험,직무 관련 능력,수업 설계와 교안 작성 능력을 갖추었습니다.,A,[직무경험] [직무 관련 능력] 수업 설계와 교안 작성 능력을 갖추었습니다.,0
16,4,직무경험,문제 해결력,학습자의 어려움을 경청하고 해결 방안을 모색합니다.,B,[직무경험] [문제 해결력] 학습자의 어려움을 경청하고 해결 방안을 모색합니다.,1
16,5,성장과정,가치관,고객 만족과 긍정적 경험을 통해 가치를 전달하는 것을 중시했습니다.,B,[성장과정] [가치관] 고객 만족과 긍정적 경험을 통해 가치를 전달하는 것을 중시했습니다.,1
16,5,성장과정,가족/환경의 영향,다양한 문화를 접하며 열린 사고와 소통 능력을 키웠습니다.,C,[성장과정] [가족/환경의 영향] 다양한 문화를 접하며 열린 사고와 소통 능력을 키웠습니다.,2
16,5,성장과정,전환점/특별한 경험,호텔경영학 전공을 통해 서비스 경험의 중요성을 깨달았습니다.,C,[성장과정] [전환점/특별한 경험] 호텔경영학 전공을 통해 서비스 경험의 중요성을 깨달았습니다.,2
16,5,성격의 장단점,장점 기술,친절하고 적극적으로 소통하며 팀워크를 이끕니다.,C,[성격의 장단점] [장점 기술] 친절하고 적극적으로 소통하며 팀워크를 이끕니다.,2
16,5,성격의 장단점,단점 기술 및 극복 노력,꼼꼼함으로 결정이 늦어질 때가 있어 우선순위를 설정하고 있습니다.,D,[성격의 장단점] [단점 기술 및 극복 노력] 꼼꼼함으로 결정이 늦어질 때가 있어 우선순위를 설정하고 있습니다.,3
16,5,성격의 장단점,대인관계 성향,다양한 국적의 친구들과 자연스럽게 교류하며 열린 사고를 가졌습니다.,B,[성격의 장단점] [대인관계 성향] 다양한 국적의 친구들과 자연스럽게 교류하며 열린 사고를 가졌습니다.,1
16,5,학창시절,학업 태도,호텔 서비스와 브랜드 관리 등 실무 중심 과목을 성실히 이수했습니다.,B,[학창시절] [학업 태도] 호텔 서비스와 브랜드 관리 등 실무 중심 과목을 성실히 이수했습니다.,1
16,5,학창시절,활동 참여,가상의 호텔 운영 시나리오 실습을 통해 고객 응대 역량을 키웠습니다.,B,[학창시절] [활동 참여] 가상의 호텔 운영 시나리오 실습을 통해 고객 응대 역량을 키웠습니다.,1
16,5,학창시절,성취 및 도전 경험,마케팅 기획 프로젝트를 통해 고객 만족 전략을 제안했습니다.,C,[학창시절] [성취 및 도전 경험] 마케팅 기획 프로젝트를 통해 고객 만족 전략을 제안했습니다.,2
16,5,지원동기,회사/직무 이해도,호텔 서비스가 단순한 응대가 아닌 전략적 소통임을 이해합니다.,B,[지원동기] [회사/직무 이해도] 호텔 서비스가 단순한 응대가 아닌 전략적 소통임을 이해합니다.,1
16,5,지원동기,지원 이유의 명확성,서비스 경험과 커뮤니케이션 역량을 살려 기여하고자 지원했습니다.,A,[지원동기] [지원 이유의 명확성] 서비스 경험과 커뮤니케이션 역량을 살려 기여하고자 지원했습니다.,0
16,5,지원동기,직무 적합성 강조,실습과 프로젝트 경험으로 현장 적응력과 기획력을 갖추었습니다.,A,[지원동기] [직무 적합성 강조] 실습과 프로젝트 경험으로 현장 적응력과 기획력을 갖추었습니다.,0
16,5,입사후포부,단기 목표,고객의 요구를 이해하고 만족도를 높이는 서비스를 제공하겠습니다.,B,[입사후포부] [단기 목표] 고객의 요구를 이해하고 만족도를 높이는 서비스를 제공하겠습니다.,1
16,5,입사후포부,장기 비전,서비스와 미디어를 융합해 브랜드 가치를 높이는 전문가가 되겠습니다.,A,[입사후포부] [장기 비전] 서비스와 미디어를 융합해 브랜드 가치를 높이는 전문가가 되겠습니다.,0
16,5,입사후포부,기여 방안,전략적 소통과 콘텐츠 활용으로 조직에 기여하겠습니다.,B,[입사후포부] [기여 방안] 전략적 소통과 콘텐츠 활용으로 조직에 기여하겠습니다.,1
16,5,직무경험,실무 경험,호텔 서비스 실습과 마케팅 기획 프로젝트 경험이 있습니다.,B,[직무경험] [실무 경험] 호텔 서비스 실습과 마케팅 기획 프로젝트 경험이 있습니다.,1
16,5,직무경험,직무 관련 능력,"고객 응대, 서비스 품질 관리 역량을 보유했습니다.",B,"[직무경험] [직무 관련 능력] 고객 응대, 서비스 품질 관리 역량을 보유했습니다.",1
16,5,직무경험,문제 해결력,팀 프로젝트에서 다양한 의견을 조율하며 최적의 결과를 도출했습니다.,C,[직무경험] [문제 해결력] 팀 프로젝트에서 다양한 의견을 조율하며 최적의 결과를 도출했습니다.,2
16,6,성장과정,가치관,콘텐츠를 통해 사람들에게 따뜻한 감정을 전하는 것에 가치를 두었습니다.,B,[성장과정] [가치관] 콘텐츠를 통해 사람들에게 따뜻한 감정을 전하는 것에 가치를 두었습니다.,1
16,6,성장과정,가족/환경의 영향,한국 드라마와 광고 콘텐츠를 즐기며 제작의 매력을 느꼈습니다.,B,[성장과정] [가족/환경의 영향] 한국 드라마와 광고 콘텐츠를 즐기며 제작의 매력을 느꼈습니다.,1
16,6,성장과정,전환점/특별한 경험,글로벌미디어학과 진학 후 제작 기획을 본격적으로 배우게 되었습니다.,C,[성장과정] [전환점/특별한 경험] 글로벌미디어학과 진학 후 제작 기획을 본격적으로 배우게 되었습니다.,2
16,6,성격의 장단점,장점 기술,성실하고 책임감을 가지고 맡은 일을 끝까지 수행합니다.,C,[성격의 장단점] [장점 기술] 성실하고 책임감을 가지고 맡은 일을 끝까지 수행합니다.,2
16,6,성격의 장단점,단점 기술 및 극복 노력,조용한 성격으로 발표가 어려웠지만 연습하며 자신감을 키웠습니다.,D,[성격의 장단점] [단점 기술 및 극복 노력] 조용한 성격으로 발표가 어려웠지만 연습하며 자신감을 키웠습니다.,3
16,6,성격의 장단점,대인관계 성향,팀원 의견을 경청하고 협력하며 소통을 즐깁니다.,B,[성격의 장단점] [대인관계 성향] 팀원 의견을 경청하고 협력하며 소통을 즐깁니다.,1
16,6,학창시절,학업 태도,"기획, 촬영, 편집 등 콘텐츠 제작 전 과정을 성실히 학습했습니다.",B,"[학창시절] [학업 태도] 기획, 촬영, 편집 등 콘텐츠 제작 전 과정을 성실히 학습했습니다.",1
16,6,학창시절,활동 참여,SNS 콘텐츠 제작 프로젝트에 참여해 실무 경험을 쌓았습니다.,B,[학창시절] [활동 참여] SNS 콘텐츠 제작 프로젝트에 참여해 실무 경험을 쌓았습니다.,1
16,6,학창시절,성취 및 도전 경험,Adobe 툴을 활용해 팀과 협력하며 완성도 높은 결과물을 제작했습니다.,C,[학창시절] [성취 및 도전 경험] Adobe 툴을 활용해 팀과 협력하며 완성도 높은 결과물을 제작했습니다.,2
16,6,지원동기,회사/직무 이해도,콘텐츠가 감정과 공감을 만드는 힘을 이해합니다.,A,[지원동기] [회사/직무 이해도] 콘텐츠가 감정과 공감을 만드는 힘을 이해합니다.,0
16,6,지원동기,지원 이유의 명확성,사람들에게 긍정적인 영향을 주는 콘텐츠를 기획하고자 지원했습니다.,A,[지원동기] [지원 이유의 명확성] 사람들에게 긍정적인 영향을 주는 콘텐츠를 기획하고자 지원했습니다.,0
16,6,지원동기,직무 적합성 강조,기획부터 제작까지의 경험과 툴 활용 능력을 갖추었습니다.,A,[지원동기] [직무 적합성 강조] 기획부터 제작까지의 경험과 툴 활용 능력을 갖추었습니다.,0
16,6,입사후포부,단기 목표,팀원과 소통하며 제작 역량을 빠르게 성장시키겠습니다.,B,[입사후포부] [단기 목표] 팀원과 소통하며 제작 역량을 빠르게 성장시키겠습니다.,1
16,6,입사후포부,장기 비전,많은 사람들에게 감동을 전하는 콘텐츠 기획자가 되고자 합니다.,A,[입사후포부] [장기 비전] 많은 사람들에게 감동을 전하는 콘텐츠 기획자가 되고자 합니다.,0
16,6,입사후포부,기여 방안,감정 이해와 공감을 바탕으로 고객에게 가치 있는 콘텐츠를 제공하겠습니다.,B,[입사후포부] [기여 방안] 감정 이해와 공감을 바탕으로 고객에게 가치 있는 콘텐츠를 제공하겠습니다.,1
16,6,직무경험,실무 경험,SNS 콘텐츠 제작 프로젝트 경험이 있습니다.,B,[직무경험] [실무 경험] SNS 콘텐츠 제작 프로젝트 경험이 있습니다.,1
16,6,직무경험,직무 관련 능력,"Adobe Premiere, Photoshop 등 활용 능력을 보유했습니다.",B,"[직무경험] [직무 관련 능력] Adobe Premiere, Photoshop 등 활용 능력을 보유했습니다.",1
16,6,직무경험,문제 해결력,제작 과정에서 발생하는 문제를 팀과 협력해 해결했습니다.,C,[직무경험] [문제 해결력] 제작 과정에서 발생하는 문제를 팀과 협력해 해결했습니다.,2
16,7,성장과정,가치관,언어를 통해 사람을 연결하고 문화를 전달하는 것에 가치를 두었습니다.,B,[성장과정] [가치관] 언어를 통해 사람을 연결하고 문화를 전달하는 것에 가치를 두었습니다.,1
16,7,성장과정,가족/환경의 영향,한국어와 문학에 대한 관심으로 자연스럽게 전공을 선택했습니다.,D,[성장과정] [가족/환경의 영향] 한국어와 문학에 대한 관심으로 자연스럽게 전공을 선택했습니다.,3
16,7,성장과정,전환점/특별한 경험,외국인 학습자 입장에서 배우며 교수법의 중요성을 깨달았습니다.,B,[성장과정] [전환점/특별한 경험] 외국인 학습자 입장에서 배우며 교수법의 중요성을 깨달았습니다.,1
16,7,성격의 장단점,장점 기술,친절하고 배려심 있게 상대방 입장을 고려합니다.,B,[성격의 장단점] [장점 기술] 친절하고 배려심 있게 상대방 입장을 고려합니다.,1
16,7,성격의 장단점,단점 기술 및 극복 노력,완벽을 추구해 부담을 느낄 때가 있어 유연함을 연습하고 있습니다.,D,[성격의 장단점] [단점 기술 및 극복 노력] 완벽을 추구해 부담을 느낄 때가 있어 유연함을 연습하고 있습니다.,3
16,7,성격의 장단점,대인관계 성향,학생들과 공감하며 인내심 있게 소통합니다.,B,[성격의 장단점] [대인관계 성향] 학생들과 공감하며 인내심 있게 소통합니다.,1
16,7,학창시절,학업 태도,"한국어 교수법, 언어습득 이론을 체계적으로 공부했습니다.",B,"[학창시절] [학업 태도] 한국어 교수법, 언어습득 이론을 체계적으로 공부했습니다.",1
16,7,학창시절,활동 참여,한국어 교육 봉사활동에 참여해 실전 경험을 쌓았습니다.,B,[학창시절] [활동 참여] 한국어 교육 봉사활동에 참여해 실전 경험을 쌓았습니다.,1
16,7,학창시절,성취 및 도전 경험,문법 설명과 발음 지도를 통해 수업 역량을 키웠습니다.,B,[학창시절] [성취 및 도전 경험] 문법 설명과 발음 지도를 통해 수업 역량을 키웠습니다.,1
16,7,지원동기,회사/직무 이해도,한국어 교사의 역할과 책임을 잘 이해하고 있습니다.,B,[지원동기] [회사/직무 이해도] 한국어 교사의 역할과 책임을 잘 이해하고 있습니다.,1
16,7,지원동기,지원 이유의 명확성,학습자 중심의 수업을 실현하고자 지원했습니다.,A,[지원동기] [지원 이유의 명확성] 학습자 중심의 수업을 실현하고자 지원했습니다.,0
16,7,지원동기,직무 적합성 강조,교수법 지식과 교육 봉사 경험을 바탕으로 기여할 수 있습니다.,A,[지원동기] [직무 적합성 강조] 교수법 지식과 교육 봉사 경험을 바탕으로 기여할 수 있습니다.,0
16,7,입사후포부,단기 목표,학습자 어려움을 경청하고 성실히 지도하겠습니다.,A,[입사후포부] [단기 목표] 학습자 어려움을 경청하고 성실히 지도하겠습니다.,0
16,7,입사후포부,장기 비전,따뜻하고 전문적인 한국어 교사로 성장하고자 합니다.,A,[입사후포부] [장기 비전] 따뜻하고 전문적인 한국어 교사로 성장하고자 합니다.,0
16,7,입사후포부,기여 방안,개별 학습 스타일을 존중하며 효과적인 수업을 제공하겠습니다.,B,[입사후포부] [기여 방안] 개별 학습 스타일을 존중하며 효과적인 수업을 제공하겠습니다.,1
16,7,직무경험,실무 경험,한국어 교육 봉사 경험이 있습니다.,A,[직무경험] [실무 경험] 한국어 교육 봉사 경험이 있습니다.,0
16,7,직무경험,직무 관련 능력,수업 설계와 교수법 활용 능력을 갖추었습니다.,A,[직무경험] [직무 관련 능력] 수업 설계와 교수법 활용 능력을 갖추었습니다.,0
16,7,직무경험,문제 해결력,학습자의 문제를 경청하고 해결 방안을 모색했습니다.,B,[직무경험] [문제 해결력] 학습자의 문제를 경청하고 해결 방안을 모색했습니다.,1
16,8,성장과정,가치관,소비자와 기업을 연결하며 신뢰를 구축하는 것에 가치를 두었습니다.,B,[성장과정] [가치관] 소비자와 기업을 연결하며 신뢰를 구축하는 것에 가치를 두었습니다.,1
16,8,성장과정,가족/환경의 영향,다양한 문화를 이해하고자 한국 유학을 결심했습니다.,B,[성장과정] [가족/환경의 영향] 다양한 문화를 이해하고자 한국 유학을 결심했습니다.,1
16,8,성장과정,전환점/특별한 경험,마케팅 수업과 프로젝트를 통해 실무 감각을 키웠습니다.,C,[성장과정] [전환점/특별한 경험] 마케팅 수업과 프로젝트를 통해 실무 감각을 키웠습니다.,2
16,8,성격의 장단점,장점 기술,낯선 환경에도 잘 적응하고 적극적으로 참여합니다.,B,[성격의 장단점] [장점 기술] 낯선 환경에도 잘 적응하고 적극적으로 참여합니다.,1
16,8,성격의 장단점,단점 기술 및 극복 노력,꼼꼼함으로 일정 관리에 시간이 걸려 우선순위를 설정하고 있습니다.,D,[성격의 장단점] [단점 기술 및 극복 노력] 꼼꼼함으로 일정 관리에 시간이 걸려 우선순위를 설정하고 있습니다.,3
16,8,성격의 장단점,대인관계 성향,팀원과 원활히 소통하며 협업을 중시합니다.,B,[성격의 장단점] [대인관계 성향] 팀원과 원활히 소통하며 협업을 중시합니다.,1
16,8,학창시절,학업 태도,경영학 전반을 체계적으로 공부하며 실무 역량을 키웠습니다.,B,[학창시절] [학업 태도] 경영학 전반을 체계적으로 공부하며 실무 역량을 키웠습니다.,1
16,8,학창시절,활동 참여,마케팅 조사 설계와 발표 경험을 쌓았습니다.,B,[학창시절] [활동 참여] 마케팅 조사 설계와 발표 경험을 쌓았습니다.,1
16,8,학창시절,성취 및 도전 경험,소비자 설문 분석을 통해 전략적 사고를 기르며 결과를 도출했습니다.,C,[학창시절] [성취 및 도전 경험] 소비자 설문 분석을 통해 전략적 사고를 기르며 결과를 도출했습니다.,2
16,8,지원동기,회사/직무 이해도,소비자 행동과 시장 분석의 중요성을 이해합니다.,B,[지원동기] [회사/직무 이해도] 소비자 행동과 시장 분석의 중요성을 이해합니다.,1
16,8,지원동기,지원 이유의 명확성,효과적인 마케팅 전략 수립을 위해 지원했습니다.,A,[지원동기] [지원 이유의 명확성] 효과적인 마케팅 전략 수립을 위해 지원했습니다.,0
16,8,지원동기,직무 적합성 강조,조사 설계와 발표 경험을 살려 기여할 수 있습니다.,A,[지원동기] [직무 적합성 강조] 조사 설계와 발표 경험을 살려 기여할 수 있습니다.,0
16,8,입사후포부,단기 목표,현장에서 빠르게 적응하며 실무 역량을 강화하겠습니다.,B,[입사후포부] [단기 목표] 현장에서 빠르게 적응하며 실무 역량을 강화하겠습니다.,1
16,8,입사후포부,장기 비전,소비자와 기업을 잇는 신뢰받는 마케터로 성장하겠습니다.,A,[입사후포부] [장기 비전] 소비자와 기업을 잇는 신뢰받는 마케터로 성장하겠습니다.,0
16,8,입사후포부,기여 방안,소비자 분석을 기반으로 창의적 전략을 제안하겠습니다.,B,[입사후포부] [기여 방안] 소비자 분석을 기반으로 창의적 전략을 제안하겠습니다.,1
16,8,직무경험,실무 경험,마케팅 조사와 팀 프로젝트 경험이 있습니다.,A,[직무경험] [실무 경험] 마케팅 조사와 팀 프로젝트 경험이 있습니다.,0
16,8,직무경험,직무 관련 능력,"Excel, PowerPoint를 활용한 분석 역량을 보유했습니다.",A,"[직무경험] [직무 관련 능력] Excel, PowerPoint를 활용한 분석 역량을 보유했습니다.",0
16,8,직무경험,문제 해결력,소비자 니즈를 파악해 효과적인 전략을 수립했습니다.,B,[직무경험] [문제 해결력] 소비자 니즈를 파악해 효과적인 전략을 수립했습니다.,1
16,9,성장과정,가치관,문화의 이해와 교류를 통해 긍정적 영향을 주는 것에 가치를 두었습니다.,A,[성장과정] [가치관] 문화의 이해와 교류를 통해 긍정적 영향을 주는 것에 가치를 두었습니다.,0
16,9,성장과정,가족/환경의 영향,한국 드라마와 음악을 즐기며 한국 문화에 깊은 관심을 가졌습니다.,B,[성장과정] [가족/환경의 영향] 한국 드라마와 음악을 즐기며 한국 문화에 깊은 관심을 가졌습니다.,1
16,9,성장과정,전환점/특별한 경험,글로벌한국학 석사과정에서 전문 지식을 체계적으로 배우게 되었습니다.,A,[성장과정] [전환점/특별한 경험] 글로벌한국학 석사과정에서 전문 지식을 체계적으로 배우게 되었습니다.,0
16,9,성격의 장단점,장점 기술,책임감을 가지고 맡은 일을 성실히 수행합니다.,B,[성격의 장단점] [장점 기술] 책임감을 가지고 맡은 일을 성실히 수행합니다.,1
16,9,성격의 장단점,단점 기술 및 극복 노력,완벽함을 추구해 결정이 늦을 때가 있어 우선순위를 설정하며 개선하고 있습니다.,D,[성격의 장단점] [단점 기술 및 극복 노력] 완벽함을 추구해 결정이 늦을 때가 있어 우선순위를 설정하며 개선하고 있습니다.,3
16,9,성격의 장단점,대인관계 성향,다양한 사람들과 긍정적인 분위기를 만들며 협업을 조율합니다.,B,[성격의 장단점] [대인관계 성향] 다양한 사람들과 긍정적인 분위기를 만들며 협업을 조율합니다.,1
16,9,학창시절,학업 태도,한국 역사·문화·사회 전반을 체계적으로 학습했습니다.,A,[학창시절] [학업 태도] 한국 역사·문화·사회 전반을 체계적으로 학습했습니다.,0
16,9,학창시절,활동 참여,문화 교류 행사와 세미나에 적극 참여했습니다.,B,[학창시절] [활동 참여] 문화 교류 행사와 세미나에 적극 참여했습니다.,1
16,9,학창시절,성취 및 도전 경험,한류와 동남아 문화 교류 프로젝트를 수행했습니다.,A,[학창시절] [성취 및 도전 경험] 한류와 동남아 문화 교류 프로젝트를 수행했습니다.,0
16,9,지원동기,회사/직무 이해도,한국과 베트남 간 문화적 가교 역할의 중요성을 이해합니다.,A,[지원동기] [회사/직무 이해도] 한국과 베트남 간 문화적 가교 역할의 중요성을 이해합니다.,0
16,9,지원동기,지원 이유의 명확성,양국의 문화를 연결하고자 지원했습니다.,A,[지원동기] [지원 이유의 명확성] 양국의 문화를 연결하고자 지원했습니다.,0
16,9,지원동기,직무 적합성 강조,연구 경험과 교류 기획 역량을 활용할 자신이 있습니다.,A,[지원동기] [직무 적합성 강조] 연구 경험과 교류 기획 역량을 활용할 자신이 있습니다.,0
16,9,입사후포부,단기 목표,현장에서 다양한 의견을 경청하며 실무 경험을 쌓겠습니다.,A,[입사후포부] [단기 목표] 현장에서 다양한 의견을 경청하며 실무 경험을 쌓겠습니다.,0
16,9,입사후포부,장기 비전,한국과 베트남을 잇는 전문가로 성장하겠습니다.,A,[입사후포부] [장기 비전] 한국과 베트남을 잇는 전문가로 성장하겠습니다.,0
16,9,입사후포부,기여 방안,문화 교류 프로그램을 기획하며 상호 이해를 증진하겠습니다.,B,[입사후포부] [기여 방안] 문화 교류 프로그램을 기획하며 상호 이해를 증진하겠습니다.,1
16,9,직무경험,실무 경험,문화 교류 행사와 연구 프로젝트 참여 경험이 있습니다.,A,[직무경험] [실무 경험] 문화 교류 행사와 연구 프로젝트 참여 경험이 있습니다.,0
16,9,직무경험,직무 관련 능력,한국 역사·문화 연구 역량을 갖추었습니다.,A,[직무경험] [직무 관련 능력] 한국 역사·문화 연구 역량을 갖추었습니다.,0
16,9,직무경험,문제 해결력,다양한 의견을 종합해 최적의 방안을 도출했습니다.,B,[직무경험] [문제 해결력] 다양한 의견을 종합해 최적의 방안을 도출했습니다.,1
16,10,성장과정,가치관,기술을 통해 사람들의 삶을 편리하게 만드는 것에 가치를 두었습니다.,B,[성장과정] [가치관] 기술을 통해 사람들의 삶을 편리하게 만드는 것에 가치를 두었습니다.,1
16,10,성장과정,가족/환경의 영향,어릴 적부터 웹사이트 제작과 컴퓨터 활용에 흥미를 가졌습니다.,B,[성장과정] [가족/환경의 영향] 어릴 적부터 웹사이트 제작과 컴퓨터 활용에 흥미를 가졌습니다.,1
16,10,성장과정,전환점/특별한 경험,컴퓨터공학 전공을 선택해 프론트엔드 개발을 체계적으로 배우게 되었습니다.,B,[성장과정] [전환점/특별한 경험] 컴퓨터공학 전공을 선택해 프론트엔드 개발을 체계적으로 배우게 되었습니다.,1
16,10,성격의 장단점,장점 기술,성실하고 끈기 있게 문제를 끝까지 해결합니다.,B,[성격의 장단점] [장점 기술] 성실하고 끈기 있게 문제를 끝까지 해결합니다.,1
16,10,성격의 장단점,단점 기술 및 극복 노력,완벽을 추구해 시간이 오래 걸릴 때가 있어 일정 관리 능력을 키우고 있습니다.,D,[성격의 장단점] [단점 기술 및 극복 노력] 완벽을 추구해 시간이 오래 걸릴 때가 있어 일정 관리 능력을 키우고 있습니다.,3
16,10,성격의 장단점,대인관계 성향,팀 프로젝트에서 원활한 소통과 협업을 중요시합니다.,B,[성격의 장단점] [대인관계 성향] 팀 프로젝트에서 원활한 소통과 협업을 중요시합니다.,1
16,10,학창시절,학업 태도,"HTML, CSS, JavaScript 등 웹 기술을 성실히 학습했습니다.",B,"[학창시절] [학업 태도] HTML, CSS, JavaScript 등 웹 기술을 성실히 학습했습니다.",1
16,10,학창시절,활동 참여,팀 프로젝트에서 반응형 웹사이트를 제작했습니다.,B,[학창시절] [활동 참여] 팀 프로젝트에서 반응형 웹사이트를 제작했습니다.,1
16,10,학창시절,성취 및 도전 경험,UI/UX 설계와 코드 리뷰를 통해 협업 경험을 쌓았습니다.,A,[학창시절] [성취 및 도전 경험] UI/UX 설계와 코드 리뷰를 통해 협업 경험을 쌓았습니다.,0
16,10,지원동기,회사/직무 이해도,사용자 중심의 직관적인 웹 서비스의 중요성을 잘 이해합니다.,B,[지원동기] [회사/직무 이해도] 사용자 중심의 직관적인 웹 서비스의 중요성을 잘 이해합니다.,1
16,10,지원동기,지원 이유의 명확성,프론트엔드 개발자로서 사용자의 편의를 높이고자 지원했습니다.,A,[지원동기] [지원 이유의 명확성] 프론트엔드 개발자로서 사용자의 편의를 높이고자 지원했습니다.,0
16,10,지원동기,직무 적합성 강조,React 기반 웹 개발 경험과 협업 역량을 갖추었습니다.,A,[지원동기] [직무 적합성 강조] React 기반 웹 개발 경험과 협업 역량을 갖추었습니다.,0
16,10,입사후포부,단기 목표,팀과 원활하게 소통하며 실무 프로젝트에 빠르게 적응하겠습니다.,A,[입사후포부] [단기 목표] 팀과 원활하게 소통하며 실무 프로젝트에 빠르게 적응하겠습니다.,0
16,10,입사후포부,장기 비전,사용자 경험을 고려한 직관적 웹 서비스를 개발하는 개발자가 되고자 합니다.,A,[입사후포부] [장기 비전] 사용자 경험을 고려한 직관적 웹 서비스를 개발하는 개발자가 되고자 합니다.,0
16,10,입사후포부,기여 방안,새로운 기술을 빠르게 습득해 팀의 목표 달성에 기여하겠습니다.,B,[입사후포부] [기여 방안] 새로운 기술을 빠르게 습득해 팀의 목표 달성에 기여하겠습니다.,1
16,10,직무경험,실무 경험,팀 프로젝트를 통한 웹사이트 제작 경험이 있습니다.,A,[직무경험] [실무 경험] 팀 프로젝트를 통한 웹사이트 제작 경험이 있습니다.,0
16,10,직무경험,직무 관련 능력,"HTML, CSS, JavaScript, React 활용 역량을 보유했습니다.",A,"[직무경험] [직무 관련 능력] HTML, CSS, JavaScript, React 활용 역량을 보유했습니다.",0
16,10,직무경험,문제 해결력,코드 리뷰와 기능 분담을 통해 효율적인 협업을 경험했습니다.,B,[직무경험] [문제 해결력] 코드 리뷰와 기능 분담을 통해 효율적인 협업을 경험했습니다.,1
17,1,성장과정,가치관,저는 기계공학자이신 아버지 밑에서 성장하면서 항상 기계에 대한 호기심을 가지고 자랐습니다.,B,[성장과정] [가치관] 저는 기계공학자이신 아버지 밑에서 성장하면서 항상 기계에 대한 호기심을 가지고 자랐습니다.,1
17,1,성장과정,가족/환경의 영향,아버지와 함께 자동차 엔진을 분해하고 다시 조립해보는 경험을 통해 문제 해결력과 끈기를 배웠습니다.,A,[성장과정] [가족/환경의 영향] 아버지와 함께 자동차 엔진을 분해하고 다시 조립해보는 경험을 통해 문제 해결력과 끈기를 배웠습니다.,0
17,1,성장과정,전환점/특별한 경험,"고등학교 시절, 작은 로봇 동아리에 참여해 지역 대회에서 수상하면서 제가 가진 실력을 체감했고, 이것이 진로의 전환점이 되었습니다.",B,"[성장과정] [전환점/특별한 경험] 고등학교 시절, 작은 로봇 동아리에 참여해 지역 대회에서 수상하면서 제가 가진 실력을 체감했고, 이것이 진로의 전환점이 되었습니다.",1
17,1,성격의 장단점,장점 기술,"저는 성실하고 책임감이 강한 편입니다. 고기싸롱에서 일할 당시, 동료가 갑작스레 빠진 상황에서 자발적으로 더 많은 근무를 하며 매장을 원활하게 운영할 수 있도록 도왔습니다.",A,"[성격의 장단점] [장점 기술] 저는 성실하고 책임감이 강한 편입니다. 고기싸롱에서 일할 당시, 동료가 갑작스레 빠진 상황에서 자발적으로 더 많은 근무를 하며 매장을 원활하게 운영할 수 있도록 도왔습니다.",0
17,1,성격의 장단점,단점 기술 및 극복 노력,"낯선 사람들과 처음 대화할 때 약간 긴장하는 단점이 있었지만, 서빙 업무를 통해 다양한 고객을 응대하면서 점차 개선되었습니다.",A,"[성격의 장단점] [단점 기술 및 극복 노력] 낯선 사람들과 처음 대화할 때 약간 긴장하는 단점이 있었지만, 서빙 업무를 통해 다양한 고객을 응대하면서 점차 개선되었습니다.",0
17,1,성격의 장단점,대인관계 성향,서빙 업무를 통해 다양한 고객을 응대하면서 점차 개선되었습니다.,C,[성격의 장단점] [대인관계 성향] 서빙 업무를 통해 다양한 고객을 응대하면서 점차 개선되었습니다.,2
17,1,학창시절,학업 태도,중앙대학교에서 기계공학을 전공하면서 실험과 프로젝트 수업에 특히 적극적으로 참여했습니다.,A,[학창시절] [학업 태도] 중앙대학교에서 기계공학을 전공하면서 실험과 프로젝트 수업에 특히 적극적으로 참여했습니다.,0
17,1,학창시절,활동 참여,팀 프로젝트에서는 CAD 모델링 및 부품 설계 역할을 맡아 실질적인 프로토타입 제작까지 주도했습니다.,B,[학창시절] [활동 참여] 팀 프로젝트에서는 CAD 모델링 및 부품 설계 역할을 맡아 실질적인 프로토타입 제작까지 주도했습니다.,1
17,1,학창시절,성취 및 도전 경험,이 과정에서 협업의 중요성과 의사소통 능력을 키웠습니다.,B,[학창시절] [성취 및 도전 경험] 이 과정에서 협업의 중요성과 의사소통 능력을 키웠습니다.,1
17,1,지원동기,회사/직무 이해도,귀사는 기계 설계와 생산 자동화 분야에서 혁신을 주도하고 있는 기업으로 알고 있습니다. 특히 최근 발표한 스마트 팩토리 솔루션에 깊은 인상을 받았습니다.,A,[지원동기] [회사/직무 이해도] 귀사는 기계 설계와 생산 자동화 분야에서 혁신을 주도하고 있는 기업으로 알고 있습니다. 특히 최근 발표한 스마트 팩토리 솔루션에 깊은 인상을 받았습니다.,0
17,1,지원동기,지원 이유의 명확성,"저는 기계공학 기반의 이론과 고객 응대 경험을 바탕으로, 제품 개선과 고객 중심 기술 개발에 기여하고 싶어 지원하게 되었습니다.",B,"[지원동기] [지원 이유의 명확성] 저는 기계공학 기반의 이론과 고객 응대 경험을 바탕으로, 제품 개선과 고객 중심 기술 개발에 기여하고 싶어 지원하게 되었습니다.",1
17,1,지원동기,직무 적합성 강조,"기계공학 기반의 이론과 고객 응대 경험을 바탕으로, 제품 개선과 고객 중심 기술 개발에 기여하고 싶어 지원하게 되었습니다.",B,"[지원동기] [직무 적합성 강조] 기계공학 기반의 이론과 고객 응대 경험을 바탕으로, 제품 개선과 고객 중심 기술 개발에 기여하고 싶어 지원하게 되었습니다.",1
17,1,입사 후 포부,단기 목표,"입사 후 6개월 이내에는 회사의 제품과 시스템에 대한 이해를 높이고, 선배들의 피드백을 적극 반영하여 실무 능력을 갖추겠습니다.",A,"[입사 후 포부] [단기 목표] 입사 후 6개월 이내에는 회사의 제품과 시스템에 대한 이해를 높이고, 선배들의 피드백을 적극 반영하여 실무 능력을 갖추겠습니다.",0
17,1,입사 후 포부,장기 비전,"장기적으로는 현장 경험을 바탕으로 설비 개선 프로젝트를 주도하고, 효율성과 품질을 동시에 끌어올릴 수 있는 인재로 성장하고 싶습니다.",A,"[입사 후 포부] [장기 비전] 장기적으로는 현장 경험을 바탕으로 설비 개선 프로젝트를 주도하고, 효율성과 품질을 동시에 끌어올릴 수 있는 인재로 성장하고 싶습니다.",0
17,1,입사 후 포부,기여 방안,제품 개선과 고객 중심 기술 개발에 기여하고 싶어 지원하게 되었습니다.,B,[입사 후 포부] [기여 방안] 제품 개선과 고객 중심 기술 개발에 기여하고 싶어 지원하게 되었습니다.,1
17,1,직무 경험,실무 경험,고기싸롱에서의 2년 간 서빙 경험은 고객과 직접 소통하고 문제를 해결하는 능력을 키우는 데 큰 도움이 되었습니다.,B,[직무 경험] [실무 경험] 고기싸롱에서의 2년 간 서빙 경험은 고객과 직접 소통하고 문제를 해결하는 능력을 키우는 데 큰 도움이 되었습니다.,1
17,1,직무 경험,직무 관련 능력,고객의 요구사항을 빠르게 파악하고 행동으로 옮기는 능력은 엔지니어로서의 현장 대응력과도 연결된다고 생각합니다.,C,[직무 경험] [직무 관련 능력] 고객의 요구사항을 빠르게 파악하고 행동으로 옮기는 능력은 엔지니어로서의 현장 대응력과도 연결된다고 생각합니다.,2
17,1,직무 경험,문제 해결력,고객의 요구사항을 빠르게 파악하고 행동으로 옮기는 능력,B,[직무 경험] [문제 해결력] 고객의 요구사항을 빠르게 파악하고 행동으로 옮기는 능력,1
17,2,성장과정,가치관,"저는 베트남 중부의 작은 도시에서 자라며, 가족의 따뜻한 지지 속에서 창의력과 표현력을 키웠습니다.",B,"[성장과정] [가치관] 저는 베트남 중부의 작은 도시에서 자라며, 가족의 따뜻한 지지 속에서 창의력과 표현력을 키웠습니다.",1
17,2,성장과정,가족/환경의 영향,"어릴 적부터 글쓰기와 연설에 흥미를 느꼈고, 지역 방송 공모전에 출전해 수상한 경험은 저에게 큰 자존감과 자신감을 안겨주었습니다.",B,"[성장과정] [가족/환경의 영향] 어릴 적부터 글쓰기와 연설에 흥미를 느꼈고, 지역 방송 공모전에 출전해 수상한 경험은 저에게 큰 자존감과 자신감을 안겨주었습니다.",1
17,2,성장과정,전환점/특별한 경험,"대학 진학 후 미디어와 커뮤니케이션을 전공하게 된 것도, 사람들과 소통하고 의미 있는 메시지를 전하는 일에 보람을 느꼈기 때문입니다.",B,"[성장과정] [전환점/특별한 경험] 대학 진학 후 미디어와 커뮤니케이션을 전공하게 된 것도, 사람들과 소통하고 의미 있는 메시지를 전하는 일에 보람을 느꼈기 때문입니다.",1
17,2,성격의 장단점,장점 기술,"저는 새로운 것을 빠르게 익히고, 팀 내에서 조화를 이끌어내는 유연한 성격입니다.",B,"[성격의 장단점] [장점 기술] 저는 새로운 것을 빠르게 익히고, 팀 내에서 조화를 이끌어내는 유연한 성격입니다.",1
17,2,성격의 장단점,단점 기술 및 극복 노력,"다만 지나치게 완벽을 추구하는 면이 있어 작업 속도가 느려질 때가 있었지만, 업무 우선순위 설정 훈련을 통해 점차 개선하고 있습니다.",B,"[성격의 장단점] [단점 기술 및 극복 노력] 다만 지나치게 완벽을 추구하는 면이 있어 작업 속도가 느려질 때가 있었지만, 업무 우선순위 설정 훈련을 통해 점차 개선하고 있습니다.",1
17,2,성격의 장단점,대인관계 성향,토스뱅크에서의 홍보 업무나 보석샵에서의 영업 경험 모두 낯선 환경에서도 빠르게 적응해 고객과의 신뢰를 쌓았던 경험으로 기억됩니다.,A,[성격의 장단점] [대인관계 성향] 토스뱅크에서의 홍보 업무나 보석샵에서의 영업 경험 모두 낯선 환경에서도 빠르게 적응해 고객과의 신뢰를 쌓았던 경험으로 기억됩니다.,0
17,2,학창시절,학업 태도,숭실대학교 재학 시절에는 교내 광고 공모전에 꾸준히 참가하며 창의적인 콘텐츠 제작에 집중했습니다.,B,[학창시절] [학업 태도] 숭실대학교 재학 시절에는 교내 광고 공모전에 꾸준히 참가하며 창의적인 콘텐츠 제작에 집중했습니다.,1
17,2,학창시절,활동 참여,"팀 프로젝트에서 리더로서 아이디어를 도출하고 발표까지 주도한 경험은 제 자신감을 높였고, 실제로 대외 수상 경험으로 이어졌습니다.",A,"[학창시절] [활동 참여] 팀 프로젝트에서 리더로서 아이디어를 도출하고 발표까지 주도한 경험은 제 자신감을 높였고, 실제로 대외 수상 경험으로 이어졌습니다.",0
17,2,학창시절,성취 및 도전 경험,한국어 과정을 이수하며 언어 장벽도 차근차근 극복해 나갔습니다.,B,[학창시절] [성취 및 도전 경험] 한국어 과정을 이수하며 언어 장벽도 차근차근 극복해 나갔습니다.,1
17,2,지원동기,회사/직무 이해도,"귀사는 디지털 콘텐츠와 마케팅 솔루션에 있어 업계의 선도 기업으로서, SNS 홍보 및 브랜딩에 강점을 가진 점이 인상 깊었습니다.",B,"[지원동기] [회사/직무 이해도] 귀사는 디지털 콘텐츠와 마케팅 솔루션에 있어 업계의 선도 기업으로서, SNS 홍보 및 브랜딩에 강점을 가진 점이 인상 깊었습니다.",1
17,2,지원동기,지원 이유의 명확성,다양한 산업에서 쌓은 실무 경험과 언어 능력은 귀사에서 더욱 빛을 발할 수 있다고 믿습니다.,B,[지원동기] [지원 이유의 명확성] 다양한 산업에서 쌓은 실무 경험과 언어 능력은 귀사에서 더욱 빛을 발할 수 있다고 믿습니다.,1
17,2,지원동기,직무 적합성 강조,스토리텔링 능력과 빠르게 변화하는 트렌드를 읽는 감각이 필요한 홍보/마케팅 직무에 제가 적합하다고 생각합니다.,B,[지원동기] [직무 적합성 강조] 스토리텔링 능력과 빠르게 변화하는 트렌드를 읽는 감각이 필요한 홍보/마케팅 직무에 제가 적합하다고 생각합니다.,1
17,2,입사 후 포부,단기 목표,"입사 후 6개월 이내에는 자사 제품과 브랜드 아이덴티티를 철저히 분석하고, 기존 홍보 전략을 이해한 후 SNS 콘텐츠 기획과 성과 분석 업무를 담당하고 싶습니다.",B,"[입사 후 포부] [단기 목표] 입사 후 6개월 이내에는 자사 제품과 브랜드 아이덴티티를 철저히 분석하고, 기존 홍보 전략을 이해한 후 SNS 콘텐츠 기획과 성과 분석 업무를 담당하고 싶습니다.",1
17,2,입사 후 포부,장기 비전,"장기적으로는 글로벌 타겟 마케팅 캠페인을 주도하고, 고객 중심 홍보 전략을 수립하는 콘텐츠 마케터로 성장하고 싶습니다.",B,"[입사 후 포부] [장기 비전] 장기적으로는 글로벌 타겟 마케팅 캠페인을 주도하고, 고객 중심 홍보 전략을 수립하는 콘텐츠 마케터로 성장하고 싶습니다.",1
17,2,입사 후 포부,기여 방안,SNS 홍보 및 브랜딩에 강점을 가진 점이 인상 깊었습니다. 소비자의 관심을 끄는 스토리텔링 능력으로 기여하고 싶습니다.,B,[입사 후 포부] [기여 방안] SNS 홍보 및 브랜딩에 강점을 가진 점이 인상 깊었습니다. 소비자의 관심을 끄는 스토리텔링 능력으로 기여하고 싶습니다.,1
17,2,직무 경험,실무 경험,"토스뱅크에서 2년간 진행한 홍보 업무에서는 보도자료 작성, SNS 운영, 이벤트 기획 등을 담당하며 브랜드 이미지 구축에 기여했습니다.",A,"[직무 경험] [실무 경험] 토스뱅크에서 2년간 진행한 홍보 업무에서는 보도자료 작성, SNS 운영, 이벤트 기획 등을 담당하며 브랜드 이미지 구축에 기여했습니다.",0
17,2,직무 경험,직무 관련 능력,Adenasoft 재직 당시에는 온라인 마케팅 전략 수립과 콘텐츠 분석을 담당하며 실제 광고 효율을 높인 경험이 있습니다.,B,[직무 경험] [직무 관련 능력] Adenasoft 재직 당시에는 온라인 마케팅 전략 수립과 콘텐츠 분석을 담당하며 실제 광고 효율을 높인 경험이 있습니다.,1
17,2,직무 경험,문제 해결력,보석샵에서는 직접 고객을 응대하며 설득력과 상품 설명 능력을 키웠습니다.,B,[직무 경험] [문제 해결력] 보석샵에서는 직접 고객을 응대하며 설득력과 상품 설명 능력을 키웠습니다.,1
17,3,성장과정,가치관,"저는 책임감이 강한 어머니와 섬세한 성격의 아버지 밑에서 성장하며, 성실함과 배려를 자연스럽게 배우게 되었습니다.",B,"[성장과정] [가치관] 저는 책임감이 강한 어머니와 섬세한 성격의 아버지 밑에서 성장하며, 성실함과 배려를 자연스럽게 배우게 되었습니다.",1
17,3,성장과정,가족/환경의 영향,"어린 시절부터 저는 늘 가족을 도우며 자라왔고, 작은 일에도 감사할 줄 아는 태도를 지녀왔습니다.",A,"[성장과정] [가족/환경의 영향] 어린 시절부터 저는 늘 가족을 도우며 자라왔고, 작은 일에도 감사할 줄 아는 태도를 지녀왔습니다.",0
17,3,성장과정,전환점/특별한 경험,대학 입학을 위해 서울로 올라와 낯선 환경에서 혼자 공부하며 스스로 문제를 해결하는 법을 익힌 것이 저의 큰 전환점이었습니다.,B,[성장과정] [전환점/특별한 경험] 대학 입학을 위해 서울로 올라와 낯선 환경에서 혼자 공부하며 스스로 문제를 해결하는 법을 익힌 것이 저의 큰 전환점이었습니다.,1
17,3,성격의 장단점,장점 기술,저는 조용하지만 책임감이 강하고 꾸준함이 강점입니다. 맡은 일을 끝까지 해내려는 끈기는 팀 과제나 학업에서도 늘 빛을 발했습니다.,B,[성격의 장단점] [장점 기술] 저는 조용하지만 책임감이 강하고 꾸준함이 강점입니다. 맡은 일을 끝까지 해내려는 끈기는 팀 과제나 학업에서도 늘 빛을 발했습니다.,1
17,3,성격의 장단점,단점 기술 및 극복 노력,"새로운 환경에 적응할 때 시간이 조금 걸리는 편이지만, 중앙대학교 영어 과정을 통해 다양한 친구들과 어울리며 자신감을 기를 수 있었습니다.",C,"[성격의 장단점] [단점 기술 및 극복 노력] 새로운 환경에 적응할 때 시간이 조금 걸리는 편이지만, 중앙대학교 영어 과정을 통해 다양한 친구들과 어울리며 자신감을 기를 수 있었습니다.",2
17,3,성격의 장단점,대인관계 성향,중앙대학교 영어 과정을 통해 다양한 친구들과 어울리며 자신감을 기를 수 있었습니다.,C,[성격의 장단점] [대인관계 성향] 중앙대학교 영어 과정을 통해 다양한 친구들과 어울리며 자신감을 기를 수 있었습니다.,2
17,3,학창시절,학업 태도,경영학과 재학 중 팀 프로젝트와 프레젠테이션 중심의 수업에서 성실한 준비로 팀 내 신뢰를 얻었습니다.,A,[학창시절] [학업 태도] 경영학과 재학 중 팀 프로젝트와 프레젠테이션 중심의 수업에서 성실한 준비로 팀 내 신뢰를 얻었습니다.,0
17,3,학창시절,활동 참여,영어 능력 향상을 위해 자율적으로 영어 발표 동아리에 참여하였습니다.,B,[학창시절] [활동 참여] 영어 능력 향상을 위해 자율적으로 영어 발표 동아리에 참여하였습니다.,1
17,3,학창시절,성취 및 도전 경험,TOEIC 850점을 취득하며 목표를 달성했습니다. 학창시절은 도전보다는 기초를 탄탄히 다지는 시기였습니다.,C,[학창시절] [성취 및 도전 경험] TOEIC 850점을 취득하며 목표를 달성했습니다. 학창시절은 도전보다는 기초를 탄탄히 다지는 시기였습니다.,2
17,3,지원동기,회사/직무 이해도,"귀사는 체계적인 경영 시스템과 글로벌 네트워크를 갖춘 기업으로, 신입에게도 성장 기회를 넓게 제공하는 것으로 알고 있습니다.",B,"[지원동기] [회사/직무 이해도] 귀사는 체계적인 경영 시스템과 글로벌 네트워크를 갖춘 기업으로, 신입에게도 성장 기회를 넓게 제공하는 것으로 알고 있습니다.",1
17,3,지원동기,지원 이유의 명확성,저는 경영 전공 지식과 외국어 능력을 바탕으로 실무에 빠르게 적응하고...,B,[지원동기] [지원 이유의 명확성] 저는 경영 전공 지식과 외국어 능력을 바탕으로 실무에 빠르게 적응하고...,1
17,3,지원동기,직무 적합성 강조,고객 응대와 내부 문서 관리 같은 세부 업무를 정확하고 성실하게 수행할 수 있습니다.,C,[지원동기] [직무 적합성 강조] 고객 응대와 내부 문서 관리 같은 세부 업무를 정확하고 성실하게 수행할 수 있습니다.,2
17,3,입사 후 포부,단기 목표,"입사 후 6개월 이내에는 회사 시스템에 완벽히 적응하고, 선배들과의 협업을 통해 실무 역량을 빠르게 끌어올리겠습니다.",B,"[입사 후 포부] [단기 목표] 입사 후 6개월 이내에는 회사 시스템에 완벽히 적응하고, 선배들과의 협업을 통해 실무 역량을 빠르게 끌어올리겠습니다.",1
17,3,입사 후 포부,장기 비전,장기적으로는 데이터를 바탕으로 효율적인 업무 프로세스를 제안할 수 있는 사무 관리 전문가로 성장해...,B,[입사 후 포부] [장기 비전] 장기적으로는 데이터를 바탕으로 효율적인 업무 프로세스를 제안할 수 있는 사무 관리 전문가로 성장해...,1
17,3,입사 후 포부,기여 방안,회사 운영의 안정성과 효율성 향상에 기여하고 싶습니다.,C,[입사 후 포부] [기여 방안] 회사 운영의 안정성과 효율성 향상에 기여하고 싶습니다.,2
17,3,직무 경험,실무 경험,직접적인 실무 경험은 없다고 명시되어 있음,D,[직무 경험] [실무 경험] 직접적인 실무 경험은 없다고 명시되어 있음,3
17,3,직무 경험,직무 관련 능력,영어 과정을 통해 문서 작성 및 발표 능력을 체계적으로 훈련받은 바 있습니다.,C,[직무 경험] [직무 관련 능력] 영어 과정을 통해 문서 작성 및 발표 능력을 체계적으로 훈련받은 바 있습니다.,2
17,3,직무 경험,문제 해결력,정보 평가 부족,E,[직무 경험] [문제 해결력] 정보 평가 부족,4
17,4,성장과정,가치관,"아버지는 매출보다 고객 신뢰를 먼저 강조하셨고, 어머니는 정직한 거래를 중시하셨습니다. 이 가정환경 속에서 사람 중심의 경영 철학을 배우게 되었고, 고객과의 신뢰와 소통을 가장 중요하게 생각하게 되었습니다.",A,"[성장과정] [가치관] 아버지는 매출보다 고객 신뢰를 먼저 강조하셨고, 어머니는 정직한 거래를 중시하셨습니다. 이 가정환경 속에서 사람 중심의 경영 철학을 배우게 되었고, 고객과의 신뢰와 소통을 가장 중요하게 생각하게 되었습니다.",0
17,4,성장과정,가족/환경의 영향,저는 부모님의 작은 식자재 회사를 도우며 어릴 때부터 자연스럽게 ‘경영’이라는 단어를 접해왔습니다.,A,[성장과정] [가족/환경의 영향] 저는 부모님의 작은 식자재 회사를 도우며 어릴 때부터 자연스럽게 ‘경영’이라는 단어를 접해왔습니다.,0
17,4,성장과정,전환점/특별한 경험,"이러한 가치관은 저를 경영학과로 이끌었고, 나아가 MBA 진학까지 결심하게 만든 원동력이었습니다.",B,"[성장과정] [전환점/특별한 경험] 이러한 가치관은 저를 경영학과로 이끌었고, 나아가 MBA 진학까지 결심하게 만든 원동력이었습니다.",1
17,4,성격의 장단점,장점 기술,저는 책임감이 강하고 꼼꼼한 성격입니다. 프로젝트나 업무를 맡으면 철저한 사전 준비와 후속 관리를 통해 신뢰를 얻는 스타일입니다.,B,[성격의 장단점] [장점 기술] 저는 책임감이 강하고 꼼꼼한 성격입니다. 프로젝트나 업무를 맡으면 철저한 사전 준비와 후속 관리를 통해 신뢰를 얻는 스타일입니다.,1
17,4,성격의 장단점,단점 기술 및 극복 노력,"때때로 완벽함을 추구하다 일정에 부담을 느끼는 경향이 있어, 최근에는 팀원들과의 분업 및 소통을 통해 효율적으로 일하는 법을 배우고 있습니다.",B,"[성격의 장단점] [단점 기술 및 극복 노력] 때때로 완벽함을 추구하다 일정에 부담을 느끼는 경향이 있어, 최근에는 팀원들과의 분업 및 소통을 통해 효율적으로 일하는 법을 배우고 있습니다.",1
17,4,성격의 장단점,대인관계 성향,통역 업무와 문서 작업 경험을 통해 상대방의 의도를 정확히 파악하고 정리하는 능력도 강화되었습니다.,B,[성격의 장단점] [대인관계 성향] 통역 업무와 문서 작업 경험을 통해 상대방의 의도를 정확히 파악하고 정리하는 능력도 강화되었습니다.,1
17,4,학창시절,학업 태도,"경영 전략 분석, 마케팅 사례 연구를 통해 실무적인 사고와 발표 능력을 키웠습니다.",B,"[학창시절] [학업 태도] 경영 전략 분석, 마케팅 사례 연구를 통해 실무적인 사고와 발표 능력을 키웠습니다.",1
17,4,학창시절,활동 참여,다양한 국적의 학생들과의 팀 프로젝트와 졸업 논문 수행,B,[학창시절] [활동 참여] 다양한 국적의 학생들과의 팀 프로젝트와 졸업 논문 수행,1
17,4,학창시절,성취 및 도전 경험,졸업 논문에서는 실제 기업을 인터뷰하고 데이터 기반의 분석을 수행한 경험이 인상 깊었습니다.,B,[학창시절] [성취 및 도전 경험] 졸업 논문에서는 실제 기업을 인터뷰하고 데이터 기반의 분석을 수행한 경험이 인상 깊었습니다.,1
17,4,지원동기,회사/직무 이해도,귀사는 B2B 및 B2C 사업 영역에서 모두 성장하고 있는 글로벌 지향 기업으로 알고 있습니다.,B,[지원동기] [회사/직무 이해도] 귀사는 B2B 및 B2C 사업 영역에서 모두 성장하고 있는 글로벌 지향 기업으로 알고 있습니다.,1
17,4,지원동기,지원 이유의 명확성,"기존의 통번역 및 자료조사 업무, 제품 관리 경험을 바탕으로 기여하고 싶어 지원하게 되었습니다.",B,"[지원동기] [지원 이유의 명확성] 기존의 통번역 및 자료조사 업무, 제품 관리 경험을 바탕으로 기여하고 싶어 지원하게 되었습니다.",1
17,4,지원동기,직무 적합성 강조,데이터 기반의 기획과 실행을 중시하며 다양한 이해관계자들과의 소통을 중요시하는 마인드를 갖추고 있습니다.,B,[지원동기] [직무 적합성 강조] 데이터 기반의 기획과 실행을 중시하며 다양한 이해관계자들과의 소통을 중요시하는 마인드를 갖추고 있습니다.,1
17,4,입사 후 포부,단기 목표,"입사 후 6개월 이내에는 사내 시스템과 제품 정보를 철저히 파악하고, 기존 자료 관리 및 고객 응대 업무에 빠르게 투입될 수 있도록 준비하겠습니다.",B,"[입사 후 포부] [단기 목표] 입사 후 6개월 이내에는 사내 시스템과 제품 정보를 철저히 파악하고, 기존 자료 관리 및 고객 응대 업무에 빠르게 투입될 수 있도록 준비하겠습니다.",1
17,4,입사 후 포부,장기 비전,소비자 분석을 바탕으로 한 마케팅 전략 수립에 기여하는 전문가로 성장하고 싶습니다.,B,[입사 후 포부] [장기 비전] 소비자 분석을 바탕으로 한 마케팅 전략 수립에 기여하는 전문가로 성장하고 싶습니다.,1
17,4,입사 후 포부,기여 방안,"기존 자료 관리, 고객 응대, 마케팅 전략 수립 등 다양한 업무에 기여할 수 있다고 생각합니다.",B,"[입사 후 포부] [기여 방안] 기존 자료 관리, 고객 응대, 마케팅 전략 수립 등 다양한 업무에 기여할 수 있다고 생각합니다.",1
17,4,직무 경험,실무 경험,"KHS 기업에서는 국제 거래 문서 작성, 시장 보고서 분석 경험, 건인약품에서는 제품 관리 및 마케팅 보조 경험이 있음.",A,"[직무 경험] [실무 경험] KHS 기업에서는 국제 거래 문서 작성, 시장 보고서 분석 경험, 건인약품에서는 제품 관리 및 마케팅 보조 경험이 있음.",0
17,4,직무 경험,직무 관련 능력,"제품 수급 관리, 문서 작성, 프로모션 기획 보조 등 다양한 실무를 체계적으로 수행",B,"[직무 경험] [직무 관련 능력] 제품 수급 관리, 문서 작성, 프로모션 기획 보조 등 다양한 실무를 체계적으로 수행",1
17,4,직무 경험,문제 해결력,정보 평가 부족,E,[직무 경험] [문제 해결력] 정보 평가 부족,4
17,5,성장과정,가치관,"무언가를 만들고 직접 조작하는 것을 좋아했고, 부모님의 핸드폰을 분해해보다 혼나기도 했던 경험이 소프트웨어와 공학에 대한 호기심으로 이어졌습니다.",B,"[성장과정] [가치관] 무언가를 만들고 직접 조작하는 것을 좋아했고, 부모님의 핸드폰을 분해해보다 혼나기도 했던 경험이 소프트웨어와 공학에 대한 호기심으로 이어졌습니다.",1
17,5,성장과정,가족/환경의 영향,부모님의 핸드폰을 분해해보다가 혼난 경험이 성장에 영향을 주었음.,C,[성장과정] [가족/환경의 영향] 부모님의 핸드폰을 분해해보다가 혼난 경험이 성장에 영향을 주었음.,2
17,5,성장과정,전환점/특별한 경험,프로그래밍을 처음 접하고 도전의식을 기르며 전환점이 되었음.,B,[성장과정] [전환점/특별한 경험] 프로그래밍을 처음 접하고 도전의식을 기르며 전환점이 되었음.,1
17,5,성격의 장단점,장점 기술,"저는 새로운 것을 배울 때 꾸준히 파고드는 성격입니다. 특히 독학에 강하며, 끝까지 찾아보는 집요함이 저의 장점입니다.",A,"[성격의 장단점] [장점 기술] 저는 새로운 것을 배울 때 꾸준히 파고드는 성격입니다. 특히 독학에 강하며, 끝까지 찾아보는 집요함이 저의 장점입니다.",0
17,5,성격의 장단점,단점 기술 및 극복 노력,"발표나 낯선 사람 앞에서 말하는 데 익숙하지 않았지만, 한국어 과정을 통해 자신감을 키움.",B,"[성격의 장단점] [단점 기술 및 극복 노력] 발표나 낯선 사람 앞에서 말하는 데 익숙하지 않았지만, 한국어 과정을 통해 자신감을 키움.",1
17,5,성격의 장단점,대인관계 성향,외국인 친구들과 어울리며 소통의 자신감을 키웠다는 내용은 대인관계 개선과 관련.,C,[성격의 장단점] [대인관계 성향] 외국인 친구들과 어울리며 소통의 자신감을 키웠다는 내용은 대인관계 개선과 관련.,2
17,5,학창시절,학업 태도,"소프트웨어학 전공, 실습 중심 수업에 적극 참여, 졸업 프로젝트 경험 등.",A,"[학창시절] [학업 태도] 소프트웨어학 전공, 실습 중심 수업에 적극 참여, 졸업 프로젝트 경험 등.",0
17,5,학창시절,활동 참여,"React 웹사이트 구현, 팀 단위 협업 프로젝트 경험 포함.",B,"[학창시절] [활동 참여] React 웹사이트 구현, 팀 단위 협업 프로젝트 경험 포함.",1
17,5,학창시절,성취 및 도전 경험,"졸업 프로젝트, DB 설계, 버전 관리 툴 활용 등 도전 요소 포함.",B,"[학창시절] [성취 및 도전 경험] 졸업 프로젝트, DB 설계, 버전 관리 툴 활용 등 도전 요소 포함.",1
17,5,지원동기,회사/직무 이해도,귀사는 IT 솔루션과 데이터 기반 시스템 개발에 앞장서고 있는 기업으로 신기술 접목에 강점이 있음.,A,[지원동기] [회사/직무 이해도] 귀사는 IT 솔루션과 데이터 기반 시스템 개발에 앞장서고 있는 기업으로 신기술 접목에 강점이 있음.,0
17,5,지원동기,지원 이유의 명확성,React 및 데이터 분석 역량으로 귀사에 기여하고자 한다는 논리적 설명 포함.,A,[지원동기] [지원 이유의 명확성] React 및 데이터 분석 역량으로 귀사에 기여하고자 한다는 논리적 설명 포함.,0
17,5,지원동기,직무 적합성 강조,프론트엔드 개발 및 데이터 처리 업무에 강점을 가졌다고 설명함.,A,[지원동기] [직무 적합성 강조] 프론트엔드 개발 및 데이터 처리 업무에 강점을 가졌다고 설명함.,0
17,5,입사 후 포부,단기 목표,6개월 이내 기존 프로젝트 유지보수 및 기능 추가 업무에 투입될 수 있도록 준비하겠다.,A,[입사 후 포부] [단기 목표] 6개월 이내 기존 프로젝트 유지보수 및 기능 추가 업무에 투입될 수 있도록 준비하겠다.,0
17,5,입사 후 포부,장기 비전,풀스택 개발자로 성장해 사용자 중심의 서비스를 기획하고 구현하겠다는 장기 목표 제시.,A,[입사 후 포부] [장기 비전] 풀스택 개발자로 성장해 사용자 중심의 서비스를 기획하고 구현하겠다는 장기 목표 제시.,0
17,5,입사 후 포부,기여 방안,기여 방안이 포부 속에 포함되어 있으나 별도 구체화는 부족함.,C,[입사 후 포부] [기여 방안] 기여 방안이 포부 속에 포함되어 있으나 별도 구체화는 부족함.,2
17,5,직무 경험,실무 경험,"빅데이터 수집·분석, React 웹 개발 과제를 통한 실무 수준 프로젝트 경험 언급.",B,"[직무 경험] [실무 경험] 빅데이터 수집·분석, React 웹 개발 과제를 통한 실무 수준 프로젝트 경험 언급.",1
17,5,직무 경험,직무 관련 능력,"프론트엔드 기능 구현, API 연동, 상태 관리, 정보처리기사 자격증 언급 등.",A,"[직무 경험] [직무 관련 능력] 프론트엔드 기능 구현, API 연동, 상태 관리, 정보처리기사 자격증 언급 등.",0
17,5,직무 경험,문제 해결력,사용자 요구사항 분석 및 기능 구현 능력은 간접적으로 문제 해결력 시사함.,C,[직무 경험] [문제 해결력] 사용자 요구사항 분석 및 기능 구현 능력은 간접적으로 문제 해결력 시사함.,2
17,6,성장과정,가치관,"창의성과 실행력을 중요시하며, 소통하는 콘텐츠에 흥미를 가짐.",B,"[성장과정] [가치관] 창의성과 실행력을 중요시하며, 소통하는 콘텐츠에 흥미를 가짐.",1
17,6,성장과정,가족/환경의 영향,어머니와 아버지의 성향이 창의성과 실행력을 자연스럽게 배우게 함.,A,[성장과정] [가족/환경의 영향] 어머니와 아버지의 성향이 창의성과 실행력을 자연스럽게 배우게 함.,0
17,6,성장과정,전환점/특별한 경험,고등학교 시절 음악 동아리 홍보 포스터 제작이 마케팅 분야로 이끈 전환점이 됨.,A,[성장과정] [전환점/특별한 경험] 고등학교 시절 음악 동아리 홍보 포스터 제작이 마케팅 분야로 이끈 전환점이 됨.,0
17,6,성격의 장단점,장점 기술,"긍정적인 태도와 추진력, 아이디어 제안 및 실행력, 광고 콘텐츠 성과로 입증됨.",A,"[성격의 장단점] [장점 기술] 긍정적인 태도와 추진력, 아이디어 제안 및 실행력, 광고 콘텐츠 성과로 입증됨.",0
17,6,성격의 장단점,단점 기술 및 극복 노력,다중 작업에서 집중력 저하 → 우선순위 관리로 개선 노력 중.,B,[성격의 장단점] [단점 기술 및 극복 노력] 다중 작업에서 집중력 저하 → 우선순위 관리로 개선 노력 중.,1
17,6,성격의 장단점,대인관계 성향,대인관계에 대한 구체적 사례 부족 → 광고 성과 중심으로 서술됨.,C,[성격의 장단점] [대인관계 성향] 대인관계에 대한 구체적 사례 부족 → 광고 성과 중심으로 서술됨.,2
17,6,학창시절,학업 태도,"마케팅 이론, 사례 학습, 데이터 기반 분석과 외부 교육 병행 등 능동적 학습 수행.",A,"[학창시절] [학업 태도] 마케팅 이론, 사례 학습, 데이터 기반 분석과 외부 교육 병행 등 능동적 학습 수행.",0
17,6,학창시절,활동 참여,"교내 마케팅 공모전 참가, 소비자 조사 및 전략 기획 수행.",A,"[학창시절] [활동 참여] 교내 마케팅 공모전 참가, 소비자 조사 및 전략 기획 수행.",0
17,6,학창시절,성취 및 도전 경험,공모전 참가 및 외부 교육 병행은 도전적 태도와 성취 노력 반영.,B,[학창시절] [성취 및 도전 경험] 공모전 참가 및 외부 교육 병행은 도전적 태도와 성취 노력 반영.,1
17,6,지원동기,회사/직무 이해도,"귀사의 브랜드 전략, 창의 캠페인 역량 등 직무와 기업 특성 정확히 이해함.",A,"[지원동기] [회사/직무 이해도] 귀사의 브랜드 전략, 창의 캠페인 역량 등 직무와 기업 특성 정확히 이해함.",0
17,6,지원동기,지원 이유의 명확성,"자격증, 실무 교육, 위임직 경험을 근거로 지원 이유 설명이 논리적임.",A,"[지원동기] [지원 이유의 명확성] 자격증, 실무 교육, 위임직 경험을 근거로 지원 이유 설명이 논리적임.",0
17,6,지원동기,직무 적합성 강조,콘텐츠 기획~성과 분석까지 전 과정 수행 가능한 인재라고 강조.,A,[지원동기] [직무 적합성 강조] 콘텐츠 기획~성과 분석까지 전 과정 수행 가능한 인재라고 강조.,0
17,6,입사 후 포부,단기 목표,"6개월 내 콘텐츠 운영 프로세스 습득, SNS 콘텐츠 제작 실무 적응 목표 명확.",A,"[입사 후 포부] [단기 목표] 6개월 내 콘텐츠 운영 프로세스 습득, SNS 콘텐츠 제작 실무 적응 목표 명확.",0
17,6,입사 후 포부,장기 비전,"캠페인 기획자/마케팅 전략가로 성장, 타겟 분석 기반 마케팅 강조.",A,"[입사 후 포부] [장기 비전] 캠페인 기획자/마케팅 전략가로 성장, 타겟 분석 기반 마케팅 강조.",0
17,6,입사 후 포부,기여 방안,실무 중심 위임직 경험으로 즉시 기여 가능성을 언급함.,B,[입사 후 포부] [기여 방안] 실무 중심 위임직 경험으로 즉시 기여 가능성을 언급함.,1
17,6,직무 경험,실무 경험,"인턴 및 위임직 경험 포함, 실질적인 홍보 성과 있음.",A,"[직무 경험] [실무 경험] 인턴 및 위임직 경험 포함, 실질적인 홍보 성과 있음.",0
17,6,직무 경험,직무 관련 능력,"PPT 제작, 캠페인 리서치, SNS 콘텐츠 기획, 전환율 분석까지 수행.",A,"[직무 경험] [직무 관련 능력] PPT 제작, 캠페인 리서치, SNS 콘텐츠 기획, 전환율 분석까지 수행.",0
17,6,직무 경험,문제 해결력,광고 콘텐츠의 성과 개선이나 문제 상황 해결에 대한 서술 부족,D,[직무 경험] [문제 해결력] 광고 콘텐츠의 성과 개선이나 문제 상황 해결에 대한 서술 부족,3
17,7,성장과정,가치관,작은 일도 성실히 해야 큰 기회가 온다는 삶의 태도를 어릴 적 가게 도우며 체득함.,A,[성장과정] [가치관] 작은 일도 성실히 해야 큰 기회가 온다는 삶의 태도를 어릴 적 가게 도우며 체득함.,0
17,7,성장과정,가족/환경의 영향,부모님이 운영하시던 가게에서 손님 응대하며 책임감과 실천력을 배움.,A,[성장과정] [가족/환경의 영향] 부모님이 운영하시던 가게에서 손님 응대하며 책임감과 실천력을 배움.,0
17,7,성장과정,전환점/특별한 경험,전환점에 대한 구체적 사건이나 반성이 부족함 – 정보 평가 부족,E,[성장과정] [전환점/특별한 경험] 전환점에 대한 구체적 사건이나 반성이 부족함 – 정보 평가 부족,4
17,7,성격의 장단점,장점 기술,"근면, 성실, 무결근 및 지각 없는 업무 태도로 신뢰를 얻음.",B,"[성격의 장단점] [장점 기술] 근면, 성실, 무결근 및 지각 없는 업무 태도로 신뢰를 얻음.",1
17,7,성격의 장단점,단점 기술 및 극복 노력,소극적인 태도 극복 위해 작은 일부터 도전하는 방식으로 개선 노력 중.,B,[성격의 장단점] [단점 기술 및 극복 노력] 소극적인 태도 극복 위해 작은 일부터 도전하는 방식으로 개선 노력 중.,1
17,7,성격의 장단점,대인관계 성향,협업 내용 일부 존재하지만 뚜렷한 대인관계 사례 부족 – 정보 평가 부족,E,[성격의 장단점] [대인관계 성향] 협업 내용 일부 존재하지만 뚜렷한 대인관계 사례 부족 – 정보 평가 부족,4
17,7,학창시절,학업 태도,"기초 이론 충실히 학습, 리포트 및 발표 성실 수행으로 교수님 평가 좋았음.",A,"[학창시절] [학업 태도] 기초 이론 충실히 학습, 리포트 및 발표 성실 수행으로 교수님 평가 좋았음.",0
17,7,학창시절,활동 참여,"조별과제에서 서류 정리 및 발표 자료 준비 담당, 한국어 과정에서 외국인과 활동.",B,"[학창시절] [활동 참여] 조별과제에서 서류 정리 및 발표 자료 준비 담당, 한국어 과정에서 외국인과 활동.",1
17,7,학창시절,성취 및 도전 경험,특정 도전 과제나 수상 등의 언급 없음 – 정보 평가 부족,E,[학창시절] [성취 및 도전 경험] 특정 도전 과제나 수상 등의 언급 없음 – 정보 평가 부족,4
17,7,지원동기,회사/직무 이해도,고객 중심 서비스 및 운영 시스템에 대한 이해 표현됨.,B,[지원동기] [회사/직무 이해도] 고객 중심 서비스 및 운영 시스템에 대한 이해 표현됨.,1
17,7,지원동기,지원 이유의 명확성,서비스 경험과 업무 학습 의지를 통해 조직에 기여하고자 한다는 명확한 동기 서술.,A,[지원동기] [지원 이유의 명확성] 서비스 경험과 업무 학습 의지를 통해 조직에 기여하고자 한다는 명확한 동기 서술.,0
17,7,지원동기,직무 적합성 강조,고객 응대 및 기본 업무 역량과의 연결 강조.,A,[지원동기] [직무 적합성 강조] 고객 응대 및 기본 업무 역량과의 연결 강조.,0
17,7,입사 후 포부,단기 목표,"업무 매뉴얼 및 시스템 습득, 선배 지도를 받아 정확히 수행할 계획 제시.",A,"[입사 후 포부] [단기 목표] 업무 매뉴얼 및 시스템 습득, 선배 지도를 받아 정확히 수행할 계획 제시.",0
17,7,입사 후 포부,장기 비전,사무 행정 전반에 능숙한 구성원으로 성장해 운영 효율 및 만족도 향상 목표 명확.,A,[입사 후 포부] [장기 비전] 사무 행정 전반에 능숙한 구성원으로 성장해 운영 효율 및 만족도 향상 목표 명확.,0
17,7,입사 후 포부,기여 방안,기여 방안이 간접적으로 표현되나 구체적 전략 언급 부족 – 정보 평가 부족,C,[입사 후 포부] [기여 방안] 기여 방안이 간접적으로 표현되나 구체적 전략 언급 부족 – 정보 평가 부족,2
17,7,직무 경험,실무 경험,"고기집, 편의점 근무 4년간 고객 응대, 위기 대응, 협업 경험 등 구체적으로 서술됨.",A,"[직무 경험] [실무 경험] 고기집, 편의점 근무 4년간 고객 응대, 위기 대응, 협업 경험 등 구체적으로 서술됨.",0
17,7,직무 경험,직무 관련 능력,직무 관련 자격 또는 기술 언급 부족 – 정보 평가 부족,E,[직무 경험] [직무 관련 능력] 직무 관련 자격 또는 기술 언급 부족 – 정보 평가 부족,4
17,7,직무 경험,문제 해결력,"혼잡 시간대 침착하게 주문 처리, 팀워크로 문제 해결 경험 서술됨.",B,"[직무 경험] [문제 해결력] 혼잡 시간대 침착하게 주문 처리, 팀워크로 문제 해결 경험 서술됨.",1
17,8,성장과정,가치관,‘배움은 삶을 바꾼다’는 믿음 아래 기술로 세상을 바꾸고자 하는 목표 형성.,A,[성장과정] [가치관] ‘배움은 삶을 바꾼다’는 믿음 아래 기술로 세상을 바꾸고자 하는 목표 형성.,0
17,8,성장과정,가족/환경의 영향,부모님께 인터넷을 가르쳐드린 경험이 기술에 대한 흥미로 이어짐.,A,[성장과정] [가족/환경의 영향] 부모님께 인터넷을 가르쳐드린 경험이 기술에 대한 흥미로 이어짐.,0
17,8,성장과정,전환점/특별한 경험,CS50와 빅데이터 공부를 통해 진로 전환과 확신을 가지게 됨.,A,[성장과정] [전환점/특별한 경험] CS50와 빅데이터 공부를 통해 진로 전환과 확신을 가지게 됨.,0
17,8,성격의 장단점,장점 기술,"배움에 대한 열정과 꼼꼼함, 인턴십 중 매뉴얼 작성과 피드백 수용 사례.",A,"[성격의 장단점] [장점 기술] 배움에 대한 열정과 꼼꼼함, 인턴십 중 매뉴얼 작성과 피드백 수용 사례.",0
17,8,성격의 장단점,단점 기술 및 극복 노력,의견 제시에 소극적이었으나 팀 프로젝트와 실무로 개선 중.,B,[성격의 장단점] [단점 기술 및 극복 노력] 의견 제시에 소극적이었으나 팀 프로젝트와 실무로 개선 중.,1
17,8,성격의 장단점,대인관계 성향,팀 프로젝트와 실무 경험을 통해 커뮤니케이션 능력을 강화함.,B,[성격의 장단점] [대인관계 성향] 팀 프로젝트와 실무 경험을 통해 커뮤니케이션 능력을 강화함.,1
17,8,학창시절,학업 태도,"CS50, 빅데이터 교육 등 자율적 학습 경험 풍부, 주도성 우수.",A,"[학창시절] [학업 태도] CS50, 빅데이터 교육 등 자율적 학습 경험 풍부, 주도성 우수.",0
17,8,학창시절,활동 참여,"전략 수업 프로젝트 발표, 팀 리더 경험 언급 있음.",B,"[학창시절] [활동 참여] 전략 수업 프로젝트 발표, 팀 리더 경험 언급 있음.",1
17,8,학창시절,성취 및 도전 경험,"CS50, 빅데이터 수료 등 목표 있는 도전 및 성취 기록 있음.",A,"[학창시절] [성취 및 도전 경험] CS50, 빅데이터 수료 등 목표 있는 도전 및 성취 기록 있음.",0
17,8,지원동기,회사/직무 이해도,디지털 금융 및 IT 기반 기업이라는 특성 파악하고 있음.,B,[지원동기] [회사/직무 이해도] 디지털 금융 및 IT 기반 기업이라는 특성 파악하고 있음.,1
17,8,지원동기,지원 이유의 명확성,학습·인턴 경험과 연결된 논리적인 지원 이유 설명됨.,A,[지원동기] [지원 이유의 명확성] 학습·인턴 경험과 연결된 논리적인 지원 이유 설명됨.,0
17,8,지원동기,직무 적합성 강조,"데이터 분석, 프로그래밍 기초 등 직무와 연관 역량 보유 강조.",A,"[지원동기] [직무 적합성 강조] 데이터 분석, 프로그래밍 기초 등 직무와 연관 역량 보유 강조.",0
17,8,입사 후 포부,단기 목표,자료 분석 및 신속한 실무 적응 명확히 제시.,A,[입사 후 포부] [단기 목표] 자료 분석 및 신속한 실무 적응 명확히 제시.,0
17,8,입사 후 포부,장기 비전,고객 운영 프로세스 개선 등 실질적 기여 계획 존재.,A,[입사 후 포부] [장기 비전] 고객 운영 프로세스 개선 등 실질적 기여 계획 존재.,0
17,8,입사 후 포부,기여 방안,직접적 기여 방안보다는 성장 중심 내용 – 정보 평가 부족,C,[입사 후 포부] [기여 방안] 직접적 기여 방안보다는 성장 중심 내용 – 정보 평가 부족,2
17,8,직무 경험,실무 경험,"사무 보조, 고객 응대, 데이터 정리 등 명확한 실무 내용 제시.",B,"[직무 경험] [실무 경험] 사무 보조, 고객 응대, 데이터 정리 등 명확한 실무 내용 제시.",1
17,8,직무 경험,직무 관련 능력,직무 관련 자격/도구/기술에 대한 구체적 언급 없음 – 정보 평가 부족,E,[직무 경험] [직무 관련 능력] 직무 관련 자격/도구/기술에 대한 구체적 언급 없음 – 정보 평가 부족,4
17,8,직무 경험,문제 해결력,문제 해결 사례가 아닌 일반적 적응 경험 중심 – 정보 평가 부족,E,[직무 경험] [문제 해결력] 문제 해결 사례가 아닌 일반적 적응 경험 중심 – 정보 평가 부족,4
17,9,성장과정,가치관,타인과의 소통을 통해 성장했다는 철학이 잘 드러나 있음.,A,[성장과정] [가치관] 타인과의 소통을 통해 성장했다는 철학이 잘 드러나 있음.,0
17,9,성장과정,가족/환경의 영향,가족이 해외에서 생활하며 언어에 흥미를 가졌다는 설명 있음.,B,[성장과정] [가족/환경의 영향] 가족이 해외에서 생활하며 언어에 흥미를 가졌다는 설명 있음.,1
17,9,성장과정,전환점/특별한 경험,영어 라디오 방송 동아리 활동이 전환점으로 제시됨.,B,[성장과정] [전환점/특별한 경험] 영어 라디오 방송 동아리 활동이 전환점으로 제시됨.,1
17,9,성격의 장단점,장점 기술,유연하고 적응력 강함. 바쁜 매장에서 효율성 기여한 구체적 사례 제시.,A,[성격의 장단점] [장점 기술] 유연하고 적응력 강함. 바쁜 매장에서 효율성 기여한 구체적 사례 제시.,0
17,9,성격의 장단점,단점 기술 및 극복 노력,자신의 의견을 미루던 성향을 영어 강사 경험을 통해 극복함.,A,[성격의 장단점] [단점 기술 및 극복 노력] 자신의 의견을 미루던 성향을 영어 강사 경험을 통해 극복함.,0
17,9,성격의 장단점,대인관계 성향,"고객 응대, 팀워크, 영어 강사 활동에서의 소통 능력 강조.",A,"[성격의 장단점] [대인관계 성향] 고객 응대, 팀워크, 영어 강사 활동에서의 소통 능력 강조.",0
17,9,학창시절,학업 태도,국제경영 수업과 비즈니스 사례 프로젝트에 적극 참여.,B,[학창시절] [학업 태도] 국제경영 수업과 비즈니스 사례 프로젝트에 적극 참여.,1
17,9,학창시절,활동 참여,발표 및 토론 수업 중심으로 참여하였다는 내용은 있으나 구체적 활동 부족.,C,[학창시절] [활동 참여] 발표 및 토론 수업 중심으로 참여하였다는 내용은 있으나 구체적 활동 부족.,2
17,9,학창시절,성취 및 도전 경험,도전적 과제나 수상 언급 없음 – 정보 평가 부족,E,[학창시절] [성취 및 도전 경험] 도전적 과제나 수상 언급 없음 – 정보 평가 부족,4
17,9,지원동기,회사/직무 이해도,글로벌 고객 커뮤니케이션 기반 회사라는 특성 이해함.,A,[지원동기] [회사/직무 이해도] 글로벌 고객 커뮤니케이션 기반 회사라는 특성 이해함.,0
17,9,지원동기,지원 이유의 명확성,본인의 어학 실력과 경험을 회사 니즈에 연결한 논리적 설명.,A,[지원동기] [지원 이유의 명확성] 본인의 어학 실력과 경험을 회사 니즈에 연결한 논리적 설명.,0
17,9,지원동기,직무 적합성 강조,"어학 성적, 응대 경험, 커뮤니케이션 능력 등 직무 연계 강조됨.",A,"[지원동기] [직무 적합성 강조] 어학 성적, 응대 경험, 커뮤니케이션 능력 등 직무 연계 강조됨.",0
17,9,입사 후 포부,단기 목표,"매뉴얼 습득, 팀 협업 기여 등 실현 가능한 단기 목표 명확함.",A,"[입사 후 포부] [단기 목표] 매뉴얼 습득, 팀 협업 기여 등 실현 가능한 단기 목표 명확함.",0
17,9,입사 후 포부,장기 비전,다국어 응대 업무 확장과 고객관리 부문 성과 계획 명확함.,A,[입사 후 포부] [장기 비전] 다국어 응대 업무 확장과 고객관리 부문 성과 계획 명확함.,0
17,9,입사 후 포부,기여 방안,고객 피드백 분석 및 개선 아이디어 제시 의지 포함.,A,[입사 후 포부] [기여 방안] 고객 피드백 분석 및 개선 아이디어 제시 의지 포함.,0
17,9,직무 경험,실무 경험,서빙과 영어 강사 업무 모두 구체적 경험으로 제시됨.,A,[직무 경험] [실무 경험] 서빙과 영어 강사 업무 모두 구체적 경험으로 제시됨.,0
17,9,직무 경험,직무 관련 능력,"TOEIC 900, IELTS 8.0 등 직무에 활용 가능한 어학 능력 언급.",A,"[직무 경험] [직무 관련 능력] TOEIC 900, IELTS 8.0 등 직무에 활용 가능한 어학 능력 언급.",0
17,9,직무 경험,문제 해결력,매장 내 문제에 유연히 대응한 경험으로 문제 해결력 제시됨.,B,[직무 경험] [문제 해결력] 매장 내 문제에 유연히 대응한 경험으로 문제 해결력 제시됨.,1
17,10,성장과정,가치관,"끊임없이 '왜?'라고 질문하며 도전하는 자세, 실패를 두려워하지 않는 가치관이 명확히 드러남.",A,"[성장과정] [가치관] 끊임없이 '왜?'라고 질문하며 도전하는 자세, 실패를 두려워하지 않는 가치관이 명확히 드러남.",0
17,10,성장과정,가족/환경의 영향,부모님의 격려가 도전정신과 성장에 영향을 미쳤다는 설명 있음.,A,[성장과정] [가족/환경의 영향] 부모님의 격려가 도전정신과 성장에 영향을 미쳤다는 설명 있음.,0
17,10,성장과정,전환점/특별한 경험,Python 독학과 자동화 프로그램 제작이 전환점으로 제시됨.,A,[성장과정] [전환점/특별한 경험] Python 독학과 자동화 프로그램 제작이 전환점으로 제시됨.,0
17,10,성격의 장단점,장점 기술,"논리적 사고와 데이터 분석 능력 강조, 문제 해결력과 연관됨.",A,"[성격의 장단점] [장점 기술] 논리적 사고와 데이터 분석 능력 강조, 문제 해결력과 연관됨.",0
17,10,성격의 장단점,단점 기술 및 극복 노력,디테일에 집착하는 단점을 일정관리로 보완했다는 개선 노력 포함.,A,[성격의 장단점] [단점 기술 및 극복 노력] 디테일에 집착하는 단점을 일정관리로 보완했다는 개선 노력 포함.,0
17,10,성격의 장단점,대인관계 성향,"팀 프로젝트에서 협업의 균형을 익혀가고 있음 언급, 기본 대인관계 기술 있음.",B,"[성격의 장단점] [대인관계 성향] 팀 프로젝트에서 협업의 균형을 익혀가고 있음 언급, 기본 대인관계 기술 있음.",1
17,10,학창시절,학업 태도,데이터사이언스 전공 과목에 대한 흥미와 성실한 학업 태도 설명됨.,A,[학창시절] [학업 태도] 데이터사이언스 전공 과목에 대한 흥미와 성실한 학업 태도 설명됨.,0
17,10,학창시절,활동 참여,"졸업 프로젝트 및 한국어 과정 참여 언급 있으나, 구체적 활동 결과 부족.",B,"[학창시절] [활동 참여] 졸업 프로젝트 및 한국어 과정 참여 언급 있으나, 구체적 활동 결과 부족.",1
17,10,학창시절,성취 및 도전 경험,졸업 프로젝트(교통량 예측 시스템) 고득점 받은 경험 명확히 제시됨.,A,[학창시절] [성취 및 도전 경험] 졸업 프로젝트(교통량 예측 시스템) 고득점 받은 경험 명확히 제시됨.,0
17,10,지원동기,회사/직무 이해도,"회사 특성과 업무 문화에 대한 이해 명확, 본인 기술 스택과 연계됨.",A,"[지원동기] [회사/직무 이해도] 회사 특성과 업무 문화에 대한 이해 명확, 본인 기술 스택과 연계됨.",0
17,10,지원동기,지원 이유의 명확성,보유 기술 + 실무 경험으로 실질적 성과 창출 가능성을 이유로 명확히 설명.,A,[지원동기] [지원 이유의 명확성] 보유 기술 + 실무 경험으로 실질적 성과 창출 가능성을 이유로 명확히 설명.,0
17,10,지원동기,직무 적합성 강조,"TensorFlow, AWS, Python 등과 직무의 연관성 구체적으로 서술됨.",A,"[지원동기] [직무 적합성 강조] TensorFlow, AWS, Python 등과 직무의 연관성 구체적으로 서술됨.",0
17,10,입사 후 포부,단기 목표,시스템 구조 분석 후 데이터 모델링에 빠르게 투입 목표 명확함.,A,[입사 후 포부] [단기 목표] 시스템 구조 분석 후 데이터 모델링에 빠르게 투입 목표 명확함.,0
17,10,입사 후 포부,장기 비전,AI 기반 의사결정 시스템 개발을 주도하고자 하는 장기 비전 명확함.,A,[입사 후 포부] [장기 비전] AI 기반 의사결정 시스템 개발을 주도하고자 하는 장기 비전 명확함.,0
17,10,입사 후 포부,기여 방안,기술과 실무 연결을 통해 핵심 인재로 기여하고자 하는 의지가 드러남.,A,[입사 후 포부] [기여 방안] 기술과 실무 연결을 통해 핵심 인재로 기여하고자 하는 의지가 드러남.,0
17,10,직무 경험,실무 경험,"FPT, 삼성전자에서의 데이터 분석과 AI 실무 경험 모두 구체적.",A,"[직무 경험] [실무 경험] FPT, 삼성전자에서의 데이터 분석과 AI 실무 경험 모두 구체적.",0
17,10,직무 경험,직무 관련 능력,"TensorFlow, Python, AWS 등 직무 관련 기술 다수 보유 및 실무 활용 경험 포함.",A,"[직무 경험] [직무 관련 능력] TensorFlow, Python, AWS 등 직무 관련 기술 다수 보유 및 실무 활용 경험 포함.",0
17,10,직무 경험,문제 해결력,"AI 모델 설계, 테스트, 리포트 작성 과정에 직접 참여한 내용은 문제 해결 사례로 적절.",A,"[직무 경험] [문제 해결력] AI 모델 설계, 테스트, 리포트 작성 과정에 직접 참여한 내용은 문제 해결 사례로 적절.",0
8,1,성장과정,가치관,"저는 성실하고 꾸준한 성격을 가지고 있습니다. 주어진 업무에 있어 목표를 설정하고 계획을 수립한 후, 꾸준히 실행하며 마무리까지 완수하는 데에 강점을 가지고 있습니다.",B,"[성장과정] [가치관] 저는 성실하고 꾸준한 성격을 가지고 있습니다. 주어진 업무에 있어 목표를 설정하고 계획을 수립한 후, 꾸준히 실행하며 마무리까지 완수하는 데에 강점을 가지고 있습니다.",1
8,1,성장과정,가족/환경의 영향,,E,,4
8,1,성장과정,특별한 경험,"서울에서 꾸준한 데이터 수집 및 분석 교육과정을 이수하며, 데이터 분석에 필요한 기술과 실무 능력을 체계적으로 쌓아왔습니다.",C,"[성장과정] [특별한 경험] 서울에서 꾸준한 데이터 수집 및 분석 교육과정을 이수하며, 데이터 분석에 필요한 기술과 실무 능력을 체계적으로 쌓아왔습니다.",2
8,1,성격의 장단점,장점 기술,"정보처리기사(한국산업인력공단, 2021), 컴퓨터활용능력 1 급(대한상공회의소, 2020), MOS Master(Microsoft, 2022) 등 자격증을 취득하며 데이터 처리와 문서 자동화, Excel 및 Python 기반 분석 등 실무 중심의 역량을 확보하였습니다.",A,"[성격의 장단점] [장점 기술] 정보처리기사(한국산업인력공단, 2021), 컴퓨터활용능력 1 급(대한상공회의소, 2020), MOS Master(Microsoft, 2022) 등 자격증을 취득하며 데이터 처리와 문서 자동화, Excel 및 Python 기반 분석 등 실무 중심의 역량을 확보하였습니다.",0
8,1,성격의 장단점,단점 기술 및 극복 노력,완벽주의 성향으로 일정이 늦춰지는 경우가 있었습니다. 이 점을 인지한 이후로는 피드백을 빠르게 수용하고 우선순위를 명확히 하여 실용적인 방향으로 판단하려 노력하고 있습니다.,B,[성격의 장단점] [단점 기술 및 극복 노력] 완벽주의 성향으로 일정이 늦춰지는 경우가 있었습니다. 이 점을 인지한 이후로는 피드백을 빠르게 수용하고 우선순위를 명확히 하여 실용적인 방향으로 판단하려 노력하고 있습니다.,1
8,1,성격의 장단점,대인관계 상황,"감정을 술직하게 표현하는 연습을 하며, 동료들과의 관계에서 좀 더 유연한 커뮤니케이션을 위해 메모, 회고 기록 등을 활용해왔습니다.",C,"[성격의 장단점] [대인관계 상황] 감정을 술직하게 표현하는 연습을 하며, 동료들과의 관계에서 좀 더 유연한 커뮤니케이션을 위해 메모, 회고 기록 등을 활용해왔습니다.",2
8,1,지원동기,회사/직무 이해도,귀사의 기업 문화와 지향점이 제가 중요하게 생각하는 '성실함과 실질적 가치 창출'이라는 가치관과도 잘 부합하여 더 큰 동기를 갖고 지원하게 되었습니다.,B,[지원동기] [회사/직무 이해도] 귀사의 기업 문화와 지향점이 제가 중요하게 생각하는 '성실함과 실질적 가치 창출'이라는 가치관과도 잘 부합하여 더 큰 동기를 갖고 지원하게 되었습니다.,1
8,1,지원동기,지원 이유의 명확성,저는 직무가 나의 경험과 잘 맞음이라는 확신으로 귀사에 지원하게 되었습니다. 그동안 축적한 데이터 처리 경험과 분석 역량은 귀사의 관련 직무 수행에 효과적으로 기여할 수 있을 것이라 생각합니다.,A,[지원동기] [지원 이유의 명확성] 저는 직무가 나의 경험과 잘 맞음이라는 확신으로 귀사에 지원하게 되었습니다. 그동안 축적한 데이터 처리 경험과 분석 역량은 귀사의 관련 직무 수행에 효과적으로 기여할 수 있을 것이라 생각합니다.,0
8,1,입사 후 포부,단기 목표,"입사 후에는 팀워크 중심의 협업에 기여하고, 전문가로 성장하며 직무 전문성 확보, 나아가 조직 내에서 현신적인 변화를 이꼴고 싶다는 목표를 가지고 있습니다.",B,"[입사 후 포부] [단기 목표] 입사 후에는 팀워크 중심의 협업에 기여하고, 전문가로 성장하며 직무 전문성 확보, 나아가 조직 내에서 현신적인 변화를 이꼴고 싶다는 목표를 가지고 있습니다.",1
8,1,입사 후 포부,장기 비전,"빠르게 변화하는 산업 환경 속에서 폭입없이 배우고 성장하며, 데이터를 통해 조직의 전략적 의사결정에 실질적인 도움을 주는 핵심 인재가 되고자 합니다.",A,"[입사 후 포부] [장기 비전] 빠르게 변화하는 산업 환경 속에서 폭입없이 배우고 성장하며, 데이터를 통해 조직의 전략적 의사결정에 실질적인 도움을 주는 핵심 인재가 되고자 합니다.",0
8,1,직무 경험,실무 경험,"방대한 양의 데이터를 수집하고 이를 체계적으로 정리하는 업무를 맡았으며, 오류나 이상치를 신속하게 파악하여 품질 높은 데이터셋을 구축한 경험이 있습니다.",A,"[직무 경험] [실무 경험] 방대한 양의 데이터를 수집하고 이를 체계적으로 정리하는 업무를 맡았으며, 오류나 이상치를 신속하게 파악하여 품질 높은 데이터셋을 구축한 경험이 있습니다.",0
8,1,성장과정,가치관,"도전과 실패를 성장의 기회로 삼는 태도를 강조하며, 안정보다는 새로운 분야에 대한 도전을 선택한 경험",A,"[성장과정] [가치관] 도전과 실패를 성장의 기회로 삼는 태도를 강조하며, 안정보다는 새로운 분야에 대한 도전을 선택한 경험",0
8,1,성장과정,특별한 경험,학창시절 농어촌과 도시 생활을 모두 경험하며 다양한 문화와 사람들을 이해하는 다각적 시각 형성,B,[성장과정] [특별한 경험] 학창시절 농어촌과 도시 생활을 모두 경험하며 다양한 문화와 사람들을 이해하는 다각적 시각 형성,1
8,1,성격의 장단점,장점 기술,"IT 업계에 필요한 빠른 학습 능력과 창의적 문제 해결 능력을 보유, 기존 방식에 얽매이지 않는 혁신적 사고",A,"[성격의 장단점] [장점 기술] IT 업계에 필요한 빠른 학습 능력과 창의적 문제 해결 능력을 보유, 기존 방식에 얽매이지 않는 혁신적 사고",0
8,1,성격의 장단점,단점 기술 및 극복 노력,"감정 표현의 어려움과 완벽주의 성향을 인지하고, 적극적인 커뮤니케이션과 효율성 중심의 업무 방식으로 개선 중",B,"[성격의 장단점] [단점 기술 및 극복 노력] 감정 표현의 어려움과 완벽주의 성향을 인지하고, 적극적인 커뮤니케이션과 효율성 중심의 업무 방식으로 개선 중",1
8,1,지원동기,지원 이유의 명확성,"회사의 빠른 성장 비전과 자신의 다양한 환경 적응 경험, 기술 역량이 잘 부합한다는 점을 강조",A,"[지원동기] [지원 이유의 명확성] 회사의 빠른 성장 비전과 자신의 다양한 환경 적응 경험, 기술 역량이 잘 부합한다는 점을 강조",0
8,1,입사 후 포부,단기 목표,"입사 후 빠른 성과 창출을 통해 인정받고, 팀워크를 통한 시너지 효과 창출에 주력할 계획",B,"[입사 후 포부] [단기 목표] 입사 후 빠른 성과 창출을 통해 인정받고, 팀워크를 통한 시너지 효과 창출에 주력할 계획",1
8,1,입사 후 포부,장기 비전,다양한 프로젝트에서 주도적 역할 수행으로 회사의 기술 혁신과 비즈니스 성장에 기여하는 핵심 인재로 성장 목표,A,[입사 후 포부] [장기 비전] 다양한 프로젝트에서 주도적 역할 수행으로 회사의 기술 혁신과 비즈니스 성장에 기여하는 핵심 인재로 성장 목표,0
8,1,직무 경험,실무 경험,네이버에서 프론트엔드 개발자로 근무하며 사용자 경험 중심의 UI 개발 및 유지보수 경험(2021-2023),A,[직무 경험] [실무 경험] 네이버에서 프론트엔드 개발자로 근무하며 사용자 경험 중심의 UI 개발 및 유지보수 경험(2021-2023),0
8,1,성장과정,가치관,규칙과 책임감 강조한 가정환경에서 형성된 실패를 성장 기회로 삼는 태도,A,[성장과정] [가치관] 규칙과 책임감 강조한 가정환경에서 형성된 실패를 성장 기회로 삼는 태도,0
8,1,성장과정,특별한 경험,학창시절 다양한 환경 경험으로 획득한 유연성과 적응력,B,[성장과정] [특별한 경험] 학창시절 다양한 환경 경험으로 획득한 유연성과 적응력,1
8,1,성격의 장단점,장점 기술,복잡한 마케팅 전략 수립에 강점을 보이는 논리적 사고력과 체계적 접근 방식,A,[성격의 장단점] [장점 기술] 복잡한 마케팅 전략 수립에 강점을 보이는 논리적 사고력과 체계적 접근 방식,0
8,1,성격의 장단점,단점 기술 및 극복 노력,지나친 신중함을 80% 완성도 기준의 빠른 실행과 피드백으로 개선 중,B,[성격의 장단점] [단점 기술 및 극복 노력] 지나친 신중함을 80% 완성도 기준의 빠른 실행과 피드백으로 개선 중,1
8,1,지원동기,지원 이유의 명확성,다양한 마케팅·영업지원 경험을 바탕으로 전략적 기여 가능성 강조,A,[지원동기] [지원 이유의 명확성] 다양한 마케팅·영업지원 경험을 바탕으로 전략적 기여 가능성 강조,0
8,1,입사 후 포부,단기 목표,창의적 기획과 팀워크를 통한 빠른 조직 적응 및 성과 창출 목표,B,[입사 후 포부] [단기 목표] 창의적 기획과 팀워크를 통한 빠른 조직 적응 및 성과 창출 목표,1
8,1,입사 후 포부,장기 비전,전문가로서 팀과 조직 전체에 긍정적 영향 미치는 구성원으로 성장,A,[입사 후 포부] [장기 비전] 전문가로서 팀과 조직 전체에 긍정적 영향 미치는 구성원으로 성장,0
8,1,직무 경험,실무 경험,삼성전자 마케팅팀(2020-2023)에서 데이터 기반 디지털 캠페인 기획 및 성과 측정 경험,A,[직무 경험] [실무 경험] 삼성전자 마케팅팀(2020-2023)에서 데이터 기반 디지털 캠페인 기획 및 성과 측정 경험,0
8,1,성장과정,가치관,책임감 강조한 가정환경에서 형성된 성실함과 꾸준함이 핵심 가치로 자리잡음,A,[성장과정] [가치관] 책임감 강조한 가정환경에서 형성된 성실함과 꾸준함이 핵심 가치로 자리잡음,0
8,1,성장과정,특별한 경험,다양한 체험활동과 커뮤니티 프로그램 참여를 통해 습득한 적응력과 타인 이해 능력,B,[성장과정] [특별한 경험] 다양한 체험활동과 커뮤니티 프로그램 참여를 통해 습득한 적응력과 타인 이해 능력,1
8,1,성격의 장단점,장점 기술,협업 과정에서 신뢰를 주는 성실함과 유연한 갈등 관리 능력이 주요 강점,A,[성격의 장단점] [장점 기술] 협업 과정에서 신뢰를 주는 성실함과 유연한 갈등 관리 능력이 주요 강점,0
8,1,성격의 장단점,단점 기술 및 극복 노력,"피드백 수용이 느린 점을 인지하고, 메모 습관 도입 등 체계적인 개선 노력 진행 중",B,"[성격의 장단점] [단점 기술 및 극복 노력] 피드백 수용이 느린 점을 인지하고, 메모 습관 도입 등 체계적인 개선 노력 진행 중",1
8,1,지원동기,지원 이유의 명확성,LG화학 경험과 맞닿는 친환경 소재 개발 분야에서의 전문성과 기술중심 문화 부합 강조,A,[지원동기] [지원 이유의 명확성] LG화학 경험과 맞닿는 친환경 소재 개발 분야에서의 전문성과 기술중심 문화 부합 강조,0
8,1,입사 후 포부,단기 목표,팀 협업을 통한 조직 문화 이해와 연구개발 업무 흐름 체계적 습득 목표,B,[입사 후 포부] [단기 목표] 팀 협업을 통한 조직 문화 이해와 연구개발 업무 흐름 체계적 습득 목표,1
8,1,입사 후 포부,장기 비전,기술 리더로 성장하며 지속가능한 성장에 기여하는 실질적 가치 창출 의지,A,[입사 후 포부] [장기 비전] 기술 리더로 성장하며 지속가능한 성장에 기여하는 실질적 가치 창출 의지,0
8,1,직무 경험,실무 경험,LG화학 연구원(2022-2024)으로서 신소재 개발 프로젝트 전 과정 참여 및 데이터 기반 개선 경험,A,[직무 경험] [실무 경험] LG화학 연구원(2022-2024)으로서 신소재 개발 프로젝트 전 과정 참여 및 데이터 기반 개선 경험,0
8,1,직무 경험,자격증,"ADsP, SQLD, 빅데이터분석기사 등 데이터 분석 관련 자격증 보유",A,"[직무 경험] [자격증] ADsP, SQLD, 빅데이터분석기사 등 데이터 분석 관련 자격증 보유",0
8,1,성장과정,가치관,규칙과 책임감을 중시한 가정환경에서 형성된 성실함과 유연한 대처 능력,A,[성장과정] [가치관] 규칙과 책임감을 중시한 가정환경에서 형성된 성실함과 유연한 대처 능력,0
8,1,성장과정,특별한 경험,다양한 활동과 도전을 통해 배운 실패의 의미와 타인과의 조화로운 관계 형성 능력,B,[성장과정] [특별한 경험] 다양한 활동과 도전을 통해 배운 실패의 의미와 타인과의 조화로운 관계 형성 능력,1
8,1,성격의 장단점,장점 기술,금융서비스 분야에 적합한 협업 능력과 고객응대에서의 신뢰성,A,[성격의 장단점] [장점 기술] 금융서비스 분야에 적합한 협업 능력과 고객응대에서의 신뢰성,0
8,1,성격의 장단점,단점 기술 및 극복 노력,피드백 수용 속도 개선을 위한 회고와 기록 습관 도입,B,[성격의 장단점] [단점 기술 및 극복 노력] 피드백 수용 속도 개선을 위한 회고와 기록 습관 도입,1
8,1,지원동기,지원 이유의 명확성,"고객중심 서비스 경험과 회사 가치(신뢰, 정직, 전문성)의 일치성 강조",A,"[지원동기] [지원 이유의 명확성] 고객중심 서비스 경험과 회사 가치(신뢰, 정직, 전문성)의 일치성 강조",0
8,1,입사 후 포부,단기 목표,실무 적응과 고객 신뢰 기반 상담역량 강화에 주력,B,[입사 후 포부] [단기 목표] 실무 적응과 고객 신뢰 기반 상담역량 강화에 주력,1
8,1,입사 후 포부,장기 비전,맞춤형 자산관리 서비스 전문가로 성장하며 조직 내 신뢰받는 파트너 역할 목표,A,[입사 후 포부] [장기 비전] 맞춤형 자산관리 서비스 전문가로 성장하며 조직 내 신뢰받는 파트너 역할 목표,0
8,1,직무 경험,실무 경험,신한은행 금융컨설턴트(2021-2024)로서 맞춤형 포트폴리오 구성 및 고객 신뢰 구축 경험,A,[직무 경험] [실무 경험] 신한은행 금융컨설턴트(2021-2024)로서 맞춤형 포트폴리오 구성 및 고객 신뢰 구축 경험,0
8,1,직무 경험,자격증,"간호사 면허증, BLS Provider 등 의료분야 자격증 보유",B,"[직무 경험] [자격증] 간호사 면허증, BLS Provider 등 의료분야 자격증 보유",1
8,1,성장과정,가치관,규칙과 예절 중심의 보수적 가정환경에서 형성된 타인에 대한 배려심과 책임감,A,[성장과정] [가치관] 규칙과 예절 중심의 보수적 가정환경에서 형성된 타인에 대한 배려심과 책임감,0
8,1,성장과정,특별한 경험,다양한 체험활동을 통해 습득한 유연한 사고와 적응력,B,[성장과정] [특별한 경험] 다양한 체험활동을 통해 습득한 유연한 사고와 적응력,1
8,1,성격의 장단점,장점 기술,창의적 문제해결 접근과 팀 내 아이디어 회의 적극적 기여,A,[성격의 장단점] [장점 기술] 창의적 문제해결 접근과 팀 내 아이디어 회의 적극적 기여,0
8,1,성격의 장단점,단점 기술 및 극복 노력,지나친 신중함 개선을 위한 80% 완성 후 피드백 반영 방식 도입,B,[성격의 장단점] [단점 기술 및 극복 노력] 지나친 신중함 개선을 위한 80% 완성 후 피드백 반영 방식 도입,1
8,1,지원동기,지원 이유의 명확성,생산·물류 경험과 회사의 기술혁신 방향성 일치 강조,A,[지원동기] [지원 이유의 명확성] 생산·물류 경험과 회사의 기술혁신 방향성 일치 강조,0
8,1,입사 후 포부,단기 목표,PMP 자격 활용한 체계적 프로젝트 관리로 업무 효율화 기여,B,[입사 후 포부] [단기 목표] PMP 자격 활용한 체계적 프로젝트 관리로 업무 효율화 기여,1
8,1,입사 후 포부,장기 비전,공정개선·물류최적화 분야에서 신뢰받는 핵심인재로 성장 목표,A,[입사 후 포부] [장기 비전] 공정개선·물류최적화 분야에서 신뢰받는 핵심인재로 성장 목표,0
8,1,직무 경험,실무 경험,CJ제일제당 생산관리직(2020-2023)으로서 생산 일정 조율 및 품질 관리 경험,A,[직무 경험] [실무 경험] CJ제일제당 생산관리직(2020-2023)으로서 생산 일정 조율 및 품질 관리 경험,0
8,1,직무 경험,자격증,"PMP, 정보보안기사, ITIL 등 프로젝트 관리 및 시스템 관련 전문 자격증 보유",A,"[직무 경험] [자격증] PMP, 정보보안기사, ITIL 등 프로젝트 관리 및 시스템 관련 전문 자격증 보유",0
8,1,성장과정,가치관,"활동적인 환경에서 형성된 책임감과 도전정신, 실패를 두려워하지 않는 태도",A,"[성장과정] [가치관] 활동적인 환경에서 형성된 책임감과 도전정신, 실패를 두려워하지 않는 태도",0
8,1,성장과정,특별한 경험,다양한 지역 생활 경험을 통해 습득한 높은 적응력과 호기심,B,[성장과정] [특별한 경험] 다양한 지역 생활 경험을 통해 습득한 높은 적응력과 호기심,1
8,1,성격의 장단점,장점 기술,협업 중심의 성실함과 전략적 문제해결 능력으로 팀 내 신뢰 형성,A,[성격의 장단점] [장점 기술] 협업 중심의 성실함과 전략적 문제해결 능력으로 팀 내 신뢰 형성,0
8,1,성격의 장단점,단점 기술 및 극복 노력,결정 장애 개선을 위한 '신속한 실행 후 피드백' 원칙 도입 및 일정 관리 도구 활용,B,[성격의 장단점] [단점 기술 및 극복 노력] 결정 장애 개선을 위한 '신속한 실행 후 피드백' 원칙 도입 및 일정 관리 도구 활용,1
8,1,지원동기,지원 이유의 명확성,현장 중심 실행과 인간 중심 가치가 회사 문화와의 높은 부합성 강조,A,[지원동기] [지원 이유의 명확성] 현장 중심 실행과 인간 중심 가치가 회사 문화와의 높은 부합성 강조,0
8,1,입사 후 포부,단기 목표,기존 경험 활용한 매장 운영 효율화 및 직원 교육 시스템 개선 주력,B,[입사 후 포부] [단기 목표] 기존 경험 활용한 매장 운영 효율화 및 직원 교육 시스템 개선 주력,1
8,1,입사 후 포부,장기 비전,본사-현장 가교 역할로 신뢰받는 중간 리더 성장 목표,A,[입사 후 포부] [장기 비전] 본사-현장 가교 역할로 신뢰받는 중간 리더 성장 목표,0
8,1,직무 경험,실무 경험,이마트 점장(2021-2024)으로서 매장 총괄 운영 및 고객 서비스 혁신 경험,A,[직무 경험] [실무 경험] 이마트 점장(2021-2024)으로서 매장 총괄 운영 및 고객 서비스 혁신 경험,0
8,1,직무 경험,자격증,사회복지사 2급 등 인간 중심 서비스 관련 자격증 보유,B,[직무 경험] [자격증] 사회복지사 2급 등 인간 중심 서비스 관련 자격증 보유,1
8,1,성장과정,가치관,책임감을 중시하는 가정환경에서 형성된 말은 일에 대한 완결성과 성실함,A,[성장과정] [가치관] 책임감을 중시하는 가정환경에서 형성된 말은 일에 대한 완결성과 성실함,0
8,1,성장과정,특별한 경험,다양한 지역 및 해외 체류 경험을 통해 습득한 글로벌 적응력과 유연한 사고,B,[성장과정] [특별한 경험] 다양한 지역 및 해외 체류 경험을 통해 습득한 글로벌 적응력과 유연한 사고,1
8,1,성격의 장단점,장점 기술,고객 응대 및 팀워크에서 발휘되는 책임감과 유연한 사고로 신뢰 형성,A,[성격의 장단점] [장점 기술] 고객 응대 및 팀워크에서 발휘되는 책임감과 유연한 사고로 신뢰 형성,0
8,1,성격의 장단점,단점 기술 및 극복 노력,"감정 표현 부족을 비언어적 표현(미소, 눈맞춤)과 일지 작성으로 개선 중",B,"[성격의 장단점] [단점 기술 및 극복 노력] 감정 표현 부족을 비언어적 표현(미소, 눈맞춤)과 일지 작성으로 개선 중",1
8,1,지원동기,지원 이유의 명확성,항공 서비스 경험과 회사의 글로벌 전략 간 시너지 가능성 강조,A,[지원동기] [지원 이유의 명확성] 항공 서비스 경험과 회사의 글로벌 전략 간 시너지 가능성 강조,0
8,1,입사 후 포부,단기 목표,기존 고객 응대 경험을 바탕으로 안정적인 서비스 제공에 주력,B,[입사 후 포부] [단기 목표] 기존 고객 응대 경험을 바탕으로 안정적인 서비스 제공에 주력,1
8,1,입사 후 포부,장기 비전,서비스 표준화 및 다문화 커뮤니케이션 개선을 주도하는 리더로 성장 목표,A,[입사 후 포부] [장기 비전] 서비스 표준화 및 다문화 커뮤니케이션 개선을 주도하는 리더로 성장 목표,0
8,1,직무 경험,실무 경험,대한항공 객실승무원(2019-2023)으로서 국제선 다국적 고객 응대 및 위기관리 경험,A,[직무 경험] [실무 경험] 대한항공 객실승무원(2019-2023)으로서 국제선 다국적 고객 응대 및 위기관리 경험,0
8,1,직무 경험,자격증,무역영어 1급 등 글로벌 서비스 관련 자격증 보유,B,[직무 경험] [자격증] 무역영어 1급 등 글로벌 서비스 관련 자격증 보유,1
8,1,성장과정,가치관,"도전과 실패를 배움의 기회로 삼는 성향, 제한된 환경에서 기른 자율성과 문제해결력",A,"[성장과정] [가치관] 도전과 실패를 배움의 기회로 삼는 성향, 제한된 환경에서 기른 자율성과 문제해결력",0
8,1,성장과정,특별한 경험,농어촌 생활 경험을 통해 습득한 주어진 조건에서 최선을 다하는 태도,B,[성장과정] [특별한 경험] 농어촌 생활 경험을 통해 습득한 주어진 조건에서 최선을 다하는 태도,1
8,1,성격의 장단점,장점 기술,데이터 기반 분석력과 전략적 기획력을 바탕으로 한 창의적 문제해결 능력,A,[성격의 장단점] [장점 기술] 데이터 기반 분석력과 전략적 기획력을 바탕으로 한 창의적 문제해결 능력,0
8,1,성격의 장단점,단점 기술 및 극복 노력,멀티태스킹 어려움을 일정 관리 도구 활용과 비언어적 커뮤니케이션 훈련으로 개선 중,B,[성격의 장단점] [단점 기술 및 극복 노력] 멀티태스킹 어려움을 일정 관리 도구 활용과 비언어적 커뮤니케이션 훈련으로 개선 중,1
8,1,지원동기,지원 이유의 명확성,데이터 기반 서비스 전략 분야에서의 경험과 회사 가치의 일치성 강조,A,[지원동기] [지원 이유의 명확성] 데이터 기반 서비스 전략 분야에서의 경험과 회사 가치의 일치성 강조,0
8,1,입사 후 포부,단기 목표,기존 경험을 활용한 프로젝트 실행력 강화 및 데이터-실무 간 소통자 역할 수행,B,[입사 후 포부] [단기 목표] 기존 경험을 활용한 프로젝트 실행력 강화 및 데이터-실무 간 소통자 역할 수행,1
8,1,입사 후 포부,장기 비전,서비스 전략과 데이터 분석을 융합한 통합적 사고로 조직 성과에 기여하는 핵심인재 성장 목표,A,[입사 후 포부] [장기 비전] 서비스 전략과 데이터 분석을 융합한 통합적 사고로 조직 성과에 기여하는 핵심인재 성장 목표,0
8,1,직무 경험,실무 경험,SK텔레콤 데이터 분석가(2021-2024)로서 고객 데이터 활용 마케팅 전략 수립 경험,A,[직무 경험] [실무 경험] SK텔레콤 데이터 분석가(2021-2024)로서 고객 데이터 활용 마케팅 전략 수립 경험,0
8,1,직무 경험,자격증,"CS Leaders, 서비스경영자격 2급 등 서비스 품질 관리 관련 자격증 보유",B,"[직무 경험] [자격증] CS Leaders, 서비스경영자격 2급 등 서비스 품질 관리 관련 자격증 보유",1
8,1,성장과정,가치관,"도전과 실패를 배움의 기회로 삼는 성향, 제한된 환경에서 기른 자율성과 문제해결력",A,"[성장과정] [가치관] 도전과 실패를 배움의 기회로 삼는 성향, 제한된 환경에서 기른 자율성과 문제해결력",0
8,1,성장과정,특별한 경험,농어촌 생활 경험을 통해 습득한 주어진 조건에서 최선을 다하는 태도,B,[성장과정] [특별한 경험] 농어촌 생활 경험을 통해 습득한 주어진 조건에서 최선을 다하는 태도,1
8,1,성격의 장단점,장점 기술,데이터 기반 분석력과 전략적 기획력을 바탕으로 한 창의적 문제해결 능력,A,[성격의 장단점] [장점 기술] 데이터 기반 분석력과 전략적 기획력을 바탕으로 한 창의적 문제해결 능력,0
8,1,성격의 장단점,단점 기술 및 극복 노력,멀티태스킹 어려움을 일정 관리 도구 활용과 비언어적 커뮤니케이션 훈련으로 개선 중,B,[성격의 장단점] [단점 기술 및 극복 노력] 멀티태스킹 어려움을 일정 관리 도구 활용과 비언어적 커뮤니케이션 훈련으로 개선 중,1
8,1,지원동기,지원 이유의 명확성,데이터 기반 서비스 전략 분야에서의 경험과 회사 가치의 일치성 강조,A,[지원동기] [지원 이유의 명확성] 데이터 기반 서비스 전략 분야에서의 경험과 회사 가치의 일치성 강조,0
8,1,입사 후 포부,단기 목표,기존 경험을 활용한 프로젝트 실행력 강화 및 데이터-실무 간 소통자 역할 수행,B,[입사 후 포부] [단기 목표] 기존 경험을 활용한 프로젝트 실행력 강화 및 데이터-실무 간 소통자 역할 수행,1
8,1,입사 후 포부,장기 비전,서비스 전략과 데이터 분석을 융합한 통합적 사고로 조직 성과에 기여하는 핵심인재 성장 목표,A,[입사 후 포부] [장기 비전] 서비스 전략과 데이터 분석을 융합한 통합적 사고로 조직 성과에 기여하는 핵심인재 성장 목표,0
8,1,직무 경험,실무 경험,SK텔레콤 데이터 분석가(2021-2024)로서 고객 데이터 활용 마케팅 전략 수립 경험,A,[직무 경험] [실무 경험] SK텔레콤 데이터 분석가(2021-2024)로서 고객 데이터 활용 마케팅 전략 수립 경험,0
8,1,직무 경험,자격증,"CS Leaders, 서비스경영자격 2급 등 서비스 품질 관리 관련 자격증 보유",B,"[직무 경험] [자격증] CS Leaders, 서비스경영자격 2급 등 서비스 품질 관리 관련 자격증 보유",1
8,1,성장과정,가치관,다양한 환경 경험을 통해 형성된 유연한 사고방식과 공동체 의식,A,[성장과정] [가치관] 다양한 환경 경험을 통해 형성된 유연한 사고방식과 공동체 의식,0
8,1,성장과정,특별한 경험,국내외 다양한 지역 생활 경험으로 키운 문화적 이해력과 상황 판단력,B,[성장과정] [특별한 경험] 국내외 다양한 지역 생활 경험으로 키운 문화적 이해력과 상황 판단력,1
8,1,성격의 장단점,장점 기술,응급상황에서의 침착함과 환자-동료 간 원활한 커뮤니케이션 능력,A,[성격의 장단점] [장점 기술] 응급상황에서의 침착함과 환자-동료 간 원활한 커뮤니케이션 능력,0
8,1,성격의 장단점,단점 기술 및 극복 노력,멀티태스킹 어려움을 업무 우선순위 설정과 일정 관리 도구 활용으로 개선,B,[성격의 장단점] [단점 기술 및 극복 노력] 멀티태스킹 어려움을 업무 우선순위 설정과 일정 관리 도구 활용으로 개선,1
8,1,지원동기,지원 이유의 명확성,환자 중심 서비스에 대한 공감과 임상 경험-조직 문화의 시너지 강조,A,[지원동기] [지원 이유의 명확성] 환자 중심 서비스에 대한 공감과 임상 경험-조직 문화의 시너지 강조,0
8,1,입사 후 포부,단기 목표,신뢰 기반의 체계적 간호 서비스 제공 및 후배 교육 참여,B,[입사 후 포부] [단기 목표] 신뢰 기반의 체계적 간호 서비스 제공 및 후배 교육 참여,1
8,1,입사 후 포부,장기 비전,"의료 서비스 질 향상을 위한 제안 활동 주도, 임상-관리 역량을 겸비한 간호사 성장",A,"[입사 후 포부] [장기 비전] 의료 서비스 질 향상을 위한 제안 활동 주도, 임상-관리 역량을 겸비한 간호사 성장",0
8,1,직무 경험,실무 경험,서울대학교병원(2020-2024) 수술실 간호사로서 고난도 수술 환자 관리 경험,A,[직무 경험] [실무 경험] 서울대학교병원(2020-2024) 수술실 간호사로서 고난도 수술 환자 관리 경험,0
8,1,직무 경험,자격증,바리스타 2급 등 서비스 업무 관련 자격증 보유,B,[직무 경험] [자격증] 바리스타 2급 등 서비스 업무 관련 자격증 보유,1
